PRAGMA defer_foreign_keys=TRUE;
INSERT INTO "characters" ("id","slug","first_name","last_name","moniker","nationality","date_first_known","is_public","in_wdarl","area","birthday","sex","note","tags","created_utc","modified_utc","is_explorer","cite_first_known_volume","cite_first_known_chapter","cite_first_known_jnc_part","cite_first_known_source_type") VALUES(1,'keigo-yoshimura','Keigo','Yoshimura','["The Phantom"]','JP','2018-09-27',0,1,12,'August 10','Male',NULL,'["D-Powers"]','2026-05-10T23:14:19Z','2026-05-11T14:32:33Z',1,'1','1','1','Light Novel');
INSERT INTO "characters" ("id","slug","first_name","last_name","moniker","nationality","date_first_known","is_public","in_wdarl","area","birthday","sex","note","tags","created_utc","modified_utc","is_explorer","cite_first_known_volume","cite_first_known_chapter","cite_first_known_jnc_part","cite_first_known_source_type") VALUES(2,'azusa-miyoshi','Azusa','Miyoshi','["Wiseman"]','JP','2018-09-28',0,1,12,NULL,'Female',NULL,'["D-Powers"]','2026-05-10T23:14:19Z',NULL,1,'5','6',NULL,NULL);
INSERT INTO "characters" ("id","slug","first_name","last_name","moniker","nationality","date_first_known","is_public","in_wdarl","area","birthday","sex","note","tags","created_utc","modified_utc","is_explorer","cite_first_known_volume","cite_first_known_chapter","cite_first_known_jnc_part","cite_first_known_source_type") VALUES(3,'haruka-mitsurugi','Haruka','Mitsurugi','[]','JP','2018-09-30',0,1,12,NULL,'Female',NULL,'[]','2026-05-10T23:14:19Z',NULL,1,'1','2','13',NULL);
INSERT INTO "characters" ("id","slug","first_name","last_name","moniker","nationality","date_first_known","is_public","in_wdarl","area","birthday","sex","note","tags","created_utc","modified_utc","is_explorer","cite_first_known_volume","cite_first_known_chapter","cite_first_known_jnc_part","cite_first_known_source_type") VALUES(4,'ryoko-saito','Ryoko','Saito','["Artemis"]','JP','2018-09-30',0,1,12,NULL,'Female',NULL,'[]','2026-05-10T23:14:19Z',NULL,1,'3','4','6',NULL);
INSERT INTO "characters" ("id","slug","first_name","last_name","moniker","nationality","date_first_known","is_public","in_wdarl","area","birthday","sex","note","tags","created_utc","modified_utc","is_explorer","cite_first_known_volume","cite_first_known_chapter","cite_first_known_jnc_part","cite_first_known_source_type") VALUES(5,'miharu-naruse','Miharu','Naruse','["The Interpreter","Miss Mei"]','JP','2018-09-27',0,0,12,'April 3','Female',NULL,'["JDA"]','2026-05-10T23:14:19Z','2026-05-11T15:03:30Z',1,'1','1','1','Light Novel');
INSERT INTO "characters" ("id","slug","first_name","last_name","moniker","nationality","date_first_known","is_public","in_wdarl","area","birthday","sex","note","tags","created_utc","modified_utc","is_explorer","cite_first_known_volume","cite_first_known_chapter","cite_first_known_jnc_part","cite_first_known_source_type") VALUES(6,'cathy','Cathy',NULL,'[]','US','2019-01-06',1,1,1,NULL,'Female',NULL,'[]','2026-05-10T23:14:19Z',NULL,1,'5','6',NULL,NULL);
INSERT INTO "characters" ("id","slug","first_name","last_name","moniker","nationality","date_first_known","is_public","in_wdarl","area","birthday","sex","note","tags","created_utc","modified_utc","is_explorer","cite_first_known_volume","cite_first_known_chapter","cite_first_known_jnc_part","cite_first_known_source_type") VALUES(7,'simon-gershwin','Simon','Gershwin','[]','US','2018-09-27',1,1,1,NULL,'Male',NULL,'["Team Simon","Dungeon Strike Force"]','2026-05-10T23:14:19Z','2026-05-11T15:33:02Z',1,'1','1','2','Light Novel');
INSERT INTO "characters" ("id","slug","first_name","last_name","moniker","nationality","date_first_known","is_public","in_wdarl","area","birthday","sex","note","tags","created_utc","modified_utc","is_explorer","cite_first_known_volume","cite_first_known_chapter","cite_first_known_jnc_part","cite_first_known_source_type") VALUES(8,'joshua-rich','Joshua','Rich','[]','US','2018-09-27',1,1,1,NULL,'Male',NULL,'["Team Simon"]','2026-05-10T23:14:19Z',NULL,1,'1','1','2',NULL);
INSERT INTO "characters" ("id","slug","first_name","last_name","moniker","nationality","date_first_known","is_public","in_wdarl","area","birthday","sex","note","tags","created_utc","modified_utc","is_explorer","cite_first_known_volume","cite_first_known_chapter","cite_first_known_jnc_part","cite_first_known_source_type") VALUES(9,'mason-garcia','Mason','Garcia','[]','US','2018-09-27',1,1,1,NULL,'Male',NULL,'["Team Simon"]','2026-05-10T23:14:19Z',NULL,1,'1','1','2',NULL);
INSERT INTO "characters" ("id","slug","first_name","last_name","moniker","nationality","date_first_known","is_public","in_wdarl","area","birthday","sex","note","tags","created_utc","modified_utc","is_explorer","cite_first_known_volume","cite_first_known_chapter","cite_first_known_jnc_part","cite_first_known_source_type") VALUES(10,'natalie-stewart','Natalie','Stewart','["Roaring Flame","Guren"]','US','2018-09-27',1,1,NULL,NULL,'Female',NULL,'["Team Simon"]','2026-05-10T23:14:19Z',NULL,1,'1','1','2',NULL);
INSERT INTO "characters" ("id","slug","first_name","last_name","moniker","nationality","date_first_known","is_public","in_wdarl","area","birthday","sex","note","tags","created_utc","modified_utc","is_explorer","cite_first_known_volume","cite_first_known_chapter","cite_first_known_jnc_part","cite_first_known_source_type") VALUES(11,'komugi-rokujo','Komugi','Rokujo','[]','JP','2019-01-12',0,1,NULL,NULL,'Female',NULL,'[]','2026-05-10T23:14:19Z',NULL,1,'7','9','10',NULL);
INSERT INTO "characters" ("id","slug","first_name","last_name","moniker","nationality","date_first_known","is_public","in_wdarl","area","birthday","sex","note","tags","created_utc","modified_utc","is_explorer","cite_first_known_volume","cite_first_known_chapter","cite_first_known_jnc_part","cite_first_known_source_type") VALUES(12,'asha-ahmed-jain','Asha','Ahmed Jain','[]','IN','2018-11-16',0,1,12,NULL,'Female',NULL,'[]','2026-05-10T23:14:19Z',NULL,1,'1','2',NULL,NULL);
INSERT INTO "characters" ("id","slug","first_name","last_name","moniker","nationality","date_first_known","is_public","in_wdarl","area","birthday","sex","note","tags","created_utc","modified_utc","is_explorer","cite_first_known_volume","cite_first_known_chapter","cite_first_known_jnc_part","cite_first_known_source_type") VALUES(13,'dmitri-nelnikov','Dmitri','Nelnikov','["The Seeker"]','RU','2018-09-27',1,1,22,NULL,'Male',NULL,'[]','2026-05-10T23:14:19Z',NULL,1,'1','1','2',NULL);
INSERT INTO "characters" ("id","slug","first_name","last_name","moniker","nationality","date_first_known","is_public","in_wdarl","area","birthday","sex","note","tags","created_utc","modified_utc","is_explorer","cite_first_known_volume","cite_first_known_chapter","cite_first_known_jnc_part","cite_first_known_source_type") VALUES(14,'junxi-huang','Junxi','Huang','[]','CN','2018-09-27',1,1,14,NULL,'Male',NULL,'[]','2026-05-10T23:14:19Z',NULL,1,'1','1','2',NULL);
INSERT INTO "characters" ("id","slug","first_name","last_name","moniker","nationality","date_first_known","is_public","in_wdarl","area","birthday","sex","note","tags","created_utc","modified_utc","is_explorer","cite_first_known_volume","cite_first_known_chapter","cite_first_known_jnc_part","cite_first_known_source_type") VALUES(15,'william','William',NULL,'[]','GB','2018-09-27',1,1,26,NULL,'Male',NULL,'[]','2026-05-10T23:14:19Z',NULL,1,'1','1','2',NULL);
INSERT INTO "characters" ("id","slug","first_name","last_name","moniker","nationality","date_first_known","is_public","in_wdarl","area","birthday","sex","note","tags","created_utc","modified_utc","is_explorer","cite_first_known_volume","cite_first_known_chapter","cite_first_known_jnc_part","cite_first_known_source_type") VALUES(16,'lansom-malson','Lansom','Malson','["King Salmon"]','US','2018-09-27',0,1,2,NULL,'Male',NULL,'[]','2026-05-10T23:14:19Z',NULL,1,'1','1','2',NULL);
INSERT INTO "characters" ("id","slug","first_name","last_name","moniker","nationality","date_first_known","is_public","in_wdarl","area","birthday","sex","note","tags","created_utc","modified_utc","is_explorer","cite_first_known_volume","cite_first_known_chapter","cite_first_known_jnc_part","cite_first_known_source_type") VALUES(17,'victor','Victor',NULL,'[]','FR','2018-09-27',1,1,25,NULL,'Male',NULL,'[]','2026-05-10T23:14:19Z',NULL,1,'1','1','2',NULL);
INSERT INTO "characters" ("id","slug","first_name","last_name","moniker","nationality","date_first_known","is_public","in_wdarl","area","birthday","sex","note","tags","created_utc","modified_utc","is_explorer","cite_first_known_volume","cite_first_known_chapter","cite_first_known_jnc_part","cite_first_known_source_type") VALUES(18,'edgar','Edgar',NULL,'[]','DE','2018-09-27',1,1,24,NULL,'Male',NULL,'[]','2026-05-10T23:14:19Z',NULL,1,'1','1','2',NULL);
INSERT INTO "characters" ("id","slug","first_name","last_name","moniker","nationality","date_first_known","is_public","in_wdarl","area","birthday","sex","note","tags","created_utc","modified_utc","is_explorer","cite_first_known_volume","cite_first_known_chapter","cite_first_known_jnc_part","cite_first_known_source_type") VALUES(19,'tobias','Tobias',NULL,'[]','GB','2018-09-27',1,1,26,NULL,'Male',NULL,'[]','2026-05-10T23:14:19Z',NULL,1,'1','1','2',NULL);
INSERT INTO "characters" ("id","slug","first_name","last_name","moniker","nationality","date_first_known","is_public","in_wdarl","area","birthday","sex","note","tags","created_utc","modified_utc","is_explorer","cite_first_known_volume","cite_first_known_chapter","cite_first_known_jnc_part","cite_first_known_source_type") VALUES(20,'thierry','Thierry',NULL,'[]','FR','2018-09-27',1,1,25,NULL,'Male',NULL,'[]','2026-05-10T23:14:19Z',NULL,1,'1','1','2',NULL);
INSERT INTO "characters" ("id","slug","first_name","last_name","moniker","nationality","date_first_known","is_public","in_wdarl","area","birthday","sex","note","tags","created_utc","modified_utc","is_explorer","cite_first_known_volume","cite_first_known_chapter","cite_first_known_jnc_part","cite_first_known_source_type") VALUES(21,'ettore','Ettore',NULL,'[]','IT','2018-09-27',1,1,24,NULL,'Male',NULL,'[]','2026-05-10T23:14:19Z',NULL,1,'1','1','2',NULL);
INSERT INTO "characters" ("id","slug","first_name","last_name","moniker","nationality","date_first_known","is_public","in_wdarl","area","birthday","sex","note","tags","created_utc","modified_utc","is_explorer","cite_first_known_volume","cite_first_known_chapter","cite_first_known_jnc_part","cite_first_known_source_type") VALUES(22,'quentin','Quentin',NULL,'[]','FR','2018-09-27',1,1,25,NULL,'Male',NULL,'[]','2026-05-10T23:14:19Z',NULL,1,'1','1','2',NULL);
INSERT INTO "characters" ("id","slug","first_name","last_name","moniker","nationality","date_first_known","is_public","in_wdarl","area","birthday","sex","note","tags","created_utc","modified_utc","is_explorer","cite_first_known_volume","cite_first_known_chapter","cite_first_known_jnc_part","cite_first_known_source_type") VALUES(23,'heinz','Heinz',NULL,'[]','DE','2018-09-27',1,1,24,NULL,'Male',NULL,'[]','2026-05-10T23:14:19Z',NULL,1,'1','1','2',NULL);
INSERT INTO "characters" ("id","slug","first_name","last_name","moniker","nationality","date_first_known","is_public","in_wdarl","area","birthday","sex","note","tags","created_utc","modified_utc","is_explorer","cite_first_known_volume","cite_first_known_chapter","cite_first_known_jnc_part","cite_first_known_source_type") VALUES(24,'ella-alcott','Ella','Alcott','["Witch of Campbell"]','AU','2018-09-27',1,1,11,NULL,'Female',NULL,'[]','2026-05-10T23:14:19Z',NULL,1,'1','1','2',NULL);
INSERT INTO "characters" ("id","slug","first_name","last_name","moniker","nationality","date_first_known","is_public","in_wdarl","area","birthday","sex","note","tags","created_utc","modified_utc","is_explorer","cite_first_known_volume","cite_first_known_chapter","cite_first_known_jnc_part","cite_first_known_source_type") VALUES(25,'iori-kimitsu','Iori','Kimitsu','[]','JP','2018-09-27',1,1,12,NULL,'Female',NULL,'[]','2026-05-10T23:14:19Z',NULL,1,'1','1','2',NULL);
INSERT INTO "characters" ("id","slug","first_name","last_name","moniker","nationality","date_first_known","is_public","in_wdarl","area","birthday","sex","note","tags","created_utc","modified_utc","is_explorer","cite_first_known_volume","cite_first_known_chapter","cite_first_known_jnc_part","cite_first_known_source_type") VALUES(26,'gordon','Gordon',NULL,'[]','DE','2018-09-27',1,1,24,NULL,'Male',NULL,'[]','2026-05-10T23:14:19Z',NULL,1,'1','1','2',NULL);
INSERT INTO "characters" ("id","slug","first_name","last_name","moniker","nationality","date_first_known","is_public","in_wdarl","area","birthday","sex","note","tags","created_utc","modified_utc","is_explorer","cite_first_known_volume","cite_first_known_chapter","cite_first_known_jnc_part","cite_first_known_source_type") VALUES(27,'haruomi-nakajima','Haruomi','Nakajima','[]','JP','2018-12-14',0,1,12,NULL,'Male',NULL,'[]','2026-05-10T23:14:19Z',NULL,1,NULL,NULL,NULL,NULL);
INSERT INTO "characters" ("id","slug","first_name","last_name","moniker","nationality","date_first_known","is_public","in_wdarl","area","birthday","sex","note","tags","created_utc","modified_utc","is_explorer","cite_first_known_volume","cite_first_known_chapter","cite_first_known_jnc_part","cite_first_known_source_type") VALUES(28,'eri-mishiro','Eri','Mishiro','[]','JP','2018-11-22',0,0,12,NULL,'Female',NULL,'[]','2026-05-10T23:14:19Z','2026-05-11T14:08:49Z',1,'2','3','2','Light Novel');
INSERT INTO "characters" ("id","slug","first_name","last_name","moniker","nationality","date_first_known","is_public","in_wdarl","area","birthday","sex","note","tags","created_utc","modified_utc","is_explorer","cite_first_known_volume","cite_first_known_chapter","cite_first_known_jnc_part","cite_first_known_source_type") VALUES(29,'shota-mishiro','Shota','Mishiro','[]','JP','2018-11-22',0,1,NULL,NULL,'Male',NULL,'[]','2026-05-10T23:14:19Z',NULL,1,'2','3',NULL,NULL);
INSERT INTO "characters" ("id","slug","first_name","last_name","moniker","nationality","date_first_known","is_public","in_wdarl","area","birthday","sex","note","tags","created_utc","modified_utc","is_explorer","cite_first_known_volume","cite_first_known_chapter","cite_first_known_jnc_part","cite_first_known_source_type") VALUES(30,'mariann-therese-martin','Mariann Therese','Martin','["Holy Woman"]','FR','2018-11-21',0,1,NULL,NULL,'Female',NULL,'[]','2026-05-10T23:14:19Z',NULL,1,'2','Prologue','1',NULL);
INSERT INTO "characters" ("id","slug","first_name","last_name","moniker","nationality","date_first_known","is_public","in_wdarl","area","birthday","sex","note","tags","created_utc","modified_utc","is_explorer","cite_first_known_volume","cite_first_known_chapter","cite_first_known_jnc_part","cite_first_known_source_type") VALUES(31,'silkie-subway','Silkie','Subway','[]','US','2019-01-28',0,1,NULL,NULL,'Female',NULL,'[]','2026-05-10T23:14:19Z',NULL,1,'7','9','15',NULL);
INSERT INTO "characters" ("id","slug","first_name","last_name","moniker","nationality","date_first_known","is_public","in_wdarl","area","birthday","sex","note","tags","created_utc","modified_utc","is_explorer","cite_first_known_volume","cite_first_known_chapter","cite_first_known_jnc_part","cite_first_known_source_type") VALUES(32,'serina-takeda','Serina','Takeda','[]','JP','2019-01-26',0,0,12,NULL,'Female',NULL,'[]','2026-05-10T23:14:19Z','2026-05-11T13:45:50Z',1,'7','9','15','Light Novel');
INSERT INTO "characters" ("id","slug","first_name","last_name","moniker","nationality","date_first_known","is_public","in_wdarl","area","birthday","sex","note","tags","created_utc","modified_utc","is_explorer","cite_first_known_volume","cite_first_known_chapter","cite_first_known_jnc_part","cite_first_known_source_type") VALUES(33,'masato-fuwa','Masato','Fuwa','[]','JP','2019-01-26',0,0,12,NULL,'Male',NULL,'[]','2026-05-10T23:14:19Z','2026-05-11T14:10:17Z',1,'7','9','15','Light Novel');
INSERT INTO "characters" ("id","slug","first_name","last_name","moniker","nationality","date_first_known","is_public","in_wdarl","area","birthday","sex","note","tags","created_utc","modified_utc","is_explorer","cite_first_known_volume","cite_first_known_chapter","cite_first_known_jnc_part","cite_first_known_source_type") VALUES(34,'dennis-takaoka','Dennis','Takaoka','[]','JP','2019-02-23',0,0,NULL,NULL,'Male',NULL,'[]','2026-05-10T23:14:19Z','2026-05-11T13:38:04Z',1,NULL,NULL,NULL,NULL);
INSERT INTO "characters" ("id","slug","first_name","last_name","moniker","nationality","date_first_known","is_public","in_wdarl","area","birthday","sex","note","tags","created_utc","modified_utc","is_explorer","cite_first_known_volume","cite_first_known_chapter","cite_first_known_jnc_part","cite_first_known_source_type") VALUES(35,'mama','Mama',NULL,'["Ai"]','JP','2019-02-06',0,1,NULL,NULL,'Female',NULL,'[]','2026-05-10T23:14:19Z',NULL,1,'SS','SS','13',NULL);
INSERT INTO "characters" ("id","slug","first_name","last_name","moniker","nationality","date_first_known","is_public","in_wdarl","area","birthday","sex","note","tags","created_utc","modified_utc","is_explorer","cite_first_known_volume","cite_first_known_chapter","cite_first_known_jnc_part","cite_first_known_source_type") VALUES(36,'kakeru-furai','Kakeru','Furai','[]','JP','2018-09-27',0,0,NULL,NULL,'Male',replace('Works at the JDA.\nWas Miharu Naruse''s original supervisor/boss.','\n',char(10)),'["JDA"]','2026-05-10T23:14:19Z',NULL,0,NULL,NULL,NULL,NULL);
INSERT INTO "character_rankings" ("id","character_id","rank","known_above_rank","date_noted","cite_volume","cite_chapter","cite_jnc_part","cite_source_type") VALUES(1,1,99726438,NULL,'2018-09-27','1','1','1',NULL);
INSERT INTO "character_rankings" ("id","character_id","rank","known_above_rank","date_noted","cite_volume","cite_chapter","cite_jnc_part","cite_source_type") VALUES(2,1,1,NULL,'2018-09-27','1','1','2',NULL);
INSERT INTO "character_rankings" ("id","character_id","rank","known_above_rank","date_noted","cite_volume","cite_chapter","cite_jnc_part","cite_source_type") VALUES(3,2,814,NULL,'2018-09-28','5','6',NULL,NULL);
INSERT INTO "character_rankings" ("id","character_id","rank","known_above_rank","date_noted","cite_volume","cite_chapter","cite_jnc_part","cite_source_type") VALUES(4,3,681,NULL,'2018-12-16','3','4','6',NULL);
INSERT INTO "character_rankings" ("id","character_id","rank","known_above_rank","date_noted","cite_volume","cite_chapter","cite_jnc_part","cite_source_type") VALUES(5,3,986,NULL,'2018-11-17','1','2','13',NULL);
INSERT INTO "character_rankings" ("id","character_id","rank","known_above_rank","date_noted","cite_volume","cite_chapter","cite_jnc_part","cite_source_type") VALUES(6,4,368,NULL,'2019-01-15','5','6','9',NULL);
INSERT INTO "character_rankings" ("id","character_id","rank","known_above_rank","date_noted","cite_volume","cite_chapter","cite_jnc_part","cite_source_type") VALUES(7,4,1421,NULL,'2018-12-16','3','4','6',NULL);
INSERT INTO "character_rankings" ("id","character_id","rank","known_above_rank","date_noted","cite_volume","cite_chapter","cite_jnc_part","cite_source_type") VALUES(8,5,0,99726438,'2018-09-25',NULL,NULL,NULL,NULL);
INSERT INTO "character_rankings" ("id","character_id","rank","known_above_rank","date_noted","cite_volume","cite_chapter","cite_jnc_part","cite_source_type") VALUES(9,6,48,NULL,'2019-01-03','5','6',NULL,NULL);
INSERT INTO "character_rankings" ("id","character_id","rank","known_above_rank","date_noted","cite_volume","cite_chapter","cite_jnc_part","cite_source_type") VALUES(10,7,3,NULL,'2018-09-27','1','1','2','Light Novel');
INSERT INTO "character_rankings" ("id","character_id","rank","known_above_rank","date_noted","cite_volume","cite_chapter","cite_jnc_part","cite_source_type") VALUES(11,8,7,NULL,'2018-09-27','1','1','2',NULL);
INSERT INTO "character_rankings" ("id","character_id","rank","known_above_rank","date_noted","cite_volume","cite_chapter","cite_jnc_part","cite_source_type") VALUES(12,9,5,NULL,'2018-09-27','1','1','2',NULL);
INSERT INTO "character_rankings" ("id","character_id","rank","known_above_rank","date_noted","cite_volume","cite_chapter","cite_jnc_part","cite_source_type") VALUES(13,10,8,NULL,'2018-09-27','1','1','2',NULL);
INSERT INTO "character_rankings" ("id","character_id","rank","known_above_rank","date_noted","cite_volume","cite_chapter","cite_jnc_part","cite_source_type") VALUES(14,11,0,NULL,NULL,NULL,NULL,NULL,NULL);
INSERT INTO "character_rankings" ("id","character_id","rank","known_above_rank","date_noted","cite_volume","cite_chapter","cite_jnc_part","cite_source_type") VALUES(15,11,1772,NULL,'2019-01-24','7','9','10',NULL);
INSERT INTO "character_rankings" ("id","character_id","rank","known_above_rank","date_noted","cite_volume","cite_chapter","cite_jnc_part","cite_source_type") VALUES(16,12,99728765,NULL,'2018-11-16','1','2',NULL,NULL);
INSERT INTO "character_rankings" ("id","character_id","rank","known_above_rank","date_noted","cite_volume","cite_chapter","cite_jnc_part","cite_source_type") VALUES(17,13,2,NULL,'2018-09-27','1','1','2',NULL);
INSERT INTO "character_rankings" ("id","character_id","rank","known_above_rank","date_noted","cite_volume","cite_chapter","cite_jnc_part","cite_source_type") VALUES(18,14,4,NULL,'2018-09-27','1','1','2',NULL);
INSERT INTO "character_rankings" ("id","character_id","rank","known_above_rank","date_noted","cite_volume","cite_chapter","cite_jnc_part","cite_source_type") VALUES(19,15,6,NULL,'2018-09-27','1','1','2',NULL);
INSERT INTO "character_rankings" ("id","character_id","rank","known_above_rank","date_noted","cite_volume","cite_chapter","cite_jnc_part","cite_source_type") VALUES(20,16,9,NULL,'2018-09-27','1','1','2',NULL);
INSERT INTO "character_rankings" ("id","character_id","rank","known_above_rank","date_noted","cite_volume","cite_chapter","cite_jnc_part","cite_source_type") VALUES(21,17,10,NULL,'2018-09-27','1','1','2',NULL);
INSERT INTO "character_rankings" ("id","character_id","rank","known_above_rank","date_noted","cite_volume","cite_chapter","cite_jnc_part","cite_source_type") VALUES(22,18,11,NULL,'2018-09-27','1','1','2',NULL);
INSERT INTO "character_rankings" ("id","character_id","rank","known_above_rank","date_noted","cite_volume","cite_chapter","cite_jnc_part","cite_source_type") VALUES(23,19,12,NULL,'2018-09-27','1','1','2',NULL);
INSERT INTO "character_rankings" ("id","character_id","rank","known_above_rank","date_noted","cite_volume","cite_chapter","cite_jnc_part","cite_source_type") VALUES(24,20,13,NULL,'2018-09-27','1','1','2',NULL);
INSERT INTO "character_rankings" ("id","character_id","rank","known_above_rank","date_noted","cite_volume","cite_chapter","cite_jnc_part","cite_source_type") VALUES(25,21,14,NULL,'2018-09-27','1','1','2',NULL);
INSERT INTO "character_rankings" ("id","character_id","rank","known_above_rank","date_noted","cite_volume","cite_chapter","cite_jnc_part","cite_source_type") VALUES(26,22,15,NULL,'2018-09-27','1','1','2',NULL);
INSERT INTO "character_rankings" ("id","character_id","rank","known_above_rank","date_noted","cite_volume","cite_chapter","cite_jnc_part","cite_source_type") VALUES(27,23,16,NULL,'2018-09-27','1','1','2',NULL);
INSERT INTO "character_rankings" ("id","character_id","rank","known_above_rank","date_noted","cite_volume","cite_chapter","cite_jnc_part","cite_source_type") VALUES(28,24,17,NULL,'2018-09-27','1','1','2',NULL);
INSERT INTO "character_rankings" ("id","character_id","rank","known_above_rank","date_noted","cite_volume","cite_chapter","cite_jnc_part","cite_source_type") VALUES(29,25,18,NULL,'2018-09-27','1','1','2',NULL);
INSERT INTO "character_rankings" ("id","character_id","rank","known_above_rank","date_noted","cite_volume","cite_chapter","cite_jnc_part","cite_source_type") VALUES(30,26,19,NULL,'2018-09-27','1','1','2',NULL);
INSERT INTO "character_rankings" ("id","character_id","rank","known_above_rank","date_noted","cite_volume","cite_chapter","cite_jnc_part","cite_source_type") VALUES(31,27,0,99728765,NULL,NULL,NULL,NULL,NULL);
INSERT INTO "character_rankings" ("id","character_id","rank","known_above_rank","date_noted","cite_volume","cite_chapter","cite_jnc_part","cite_source_type") VALUES(32,28,0,99726438,'2018-11-22','2','3','2',NULL);
INSERT INTO "character_rankings" ("id","character_id","rank","known_above_rank","date_noted","cite_volume","cite_chapter","cite_jnc_part","cite_source_type") VALUES(33,28,0,361000,'2019-01-24','7','9','10',NULL);
INSERT INTO "character_rankings" ("id","character_id","rank","known_above_rank","date_noted","cite_volume","cite_chapter","cite_jnc_part","cite_source_type") VALUES(34,28,1359,NULL,'2019-01-24','7','9','10',NULL);
INSERT INTO "character_rankings" ("id","character_id","rank","known_above_rank","date_noted","cite_volume","cite_chapter","cite_jnc_part","cite_source_type") VALUES(35,29,0,99726438,'2018-11-22','2','3',NULL,NULL);
INSERT INTO "character_rankings" ("id","character_id","rank","known_above_rank","date_noted","cite_volume","cite_chapter","cite_jnc_part","cite_source_type") VALUES(36,30,0,99726438,NULL,'2','Prologue','1',NULL);
INSERT INTO "character_rankings" ("id","character_id","rank","known_above_rank","date_noted","cite_volume","cite_chapter","cite_jnc_part","cite_source_type") VALUES(37,31,0,NULL,'2019-01-28','7','9','15',NULL);
INSERT INTO "character_rankings" ("id","character_id","rank","known_above_rank","date_noted","cite_volume","cite_chapter","cite_jnc_part","cite_source_type") VALUES(38,32,0,95000,'2019-01-26','7','9','15',NULL);
INSERT INTO "character_rankings" ("id","character_id","rank","known_above_rank","date_noted","cite_volume","cite_chapter","cite_jnc_part","cite_source_type") VALUES(39,33,0,95000,'2019-01-26','7','9','15',NULL);
INSERT INTO "character_rankings" ("id","character_id","rank","known_above_rank","date_noted","cite_volume","cite_chapter","cite_jnc_part","cite_source_type") VALUES(40,34,0,999,NULL,NULL,NULL,NULL,NULL);
INSERT INTO "character_rankings" ("id","character_id","rank","known_above_rank","date_noted","cite_volume","cite_chapter","cite_jnc_part","cite_source_type") VALUES(41,35,0,NULL,'2019-02-06','SS','SS','13',NULL);
INSERT INTO "character_stats" ("id","character_id","date_noted","date_sequence","scan_type","hp","mp","sp","str","vit","int","agi","dex","luc","stat_total","points_from_avg","cite_volume","cite_chapter","cite_jnc_part","cite_source_type") VALUES(1,1,'2018-09-28',1,'Making',23.8,23.8,1200.03,9,10,13,8,11,9,60,0,NULL,NULL,NULL,NULL);
INSERT INTO "character_stats" ("id","character_id","date_noted","date_sequence","scan_type","hp","mp","sp","str","vit","int","agi","dex","luc","stat_total","points_from_avg","cite_volume","cite_chapter","cite_jnc_part","cite_source_type") VALUES(2,1,'2018-09-28',2,'Making',24.8,23.8,1199.03,10,10,13,8,11,9,61,1,NULL,NULL,NULL,NULL);
INSERT INTO "character_stats" ("id","character_id","date_noted","date_sequence","scan_type","hp","mp","sp","str","vit","int","agi","dex","luc","stat_total","points_from_avg","cite_volume","cite_chapter","cite_jnc_part","cite_source_type") VALUES(3,1,'2018-09-28',3,'Making',36,33,1173.03,14,15,18,10,16,14,87,27,NULL,NULL,NULL,NULL);
INSERT INTO "character_stats" ("id","character_id","date_noted","date_sequence","scan_type","hp","mp","sp","str","vit","int","agi","dex","luc","stat_total","points_from_avg","cite_volume","cite_chapter","cite_jnc_part","cite_source_type") VALUES(4,1,'2018-10-04',1,'Making',36,33,1173.03,14,15,18,10,16,14,87,27,NULL,NULL,NULL,NULL);
INSERT INTO "character_stats" ("id","character_id","date_noted","date_sequence","scan_type","hp","mp","sp","str","vit","int","agi","dex","luc","stat_total","points_from_avg","cite_volume","cite_chapter","cite_jnc_part","cite_source_type") VALUES(5,1,'2018-10-04',2,'Making',36,33,1173.05,14,15,18,10,16,14,87,27,NULL,NULL,NULL,NULL);
INSERT INTO "character_stats" ("id","character_id","date_noted","date_sequence","scan_type","hp","mp","sp","str","vit","int","agi","dex","luc","stat_total","points_from_avg","cite_volume","cite_chapter","cite_jnc_part","cite_source_type") VALUES(6,1,'2018-11-07',1,'Making',36,33,1178.307,14,15,18,10,16,14,87,27,NULL,NULL,NULL,NULL);
INSERT INTO "character_stats" ("id","character_id","date_noted","date_sequence","scan_type","hp","mp","sp","str","vit","int","agi","dex","luc","stat_total","points_from_avg","cite_volume","cite_chapter","cite_jnc_part","cite_source_type") VALUES(7,1,'2018-11-07',2,'Making',38,33,1176.307,16,15,18,10,16,14,89,29,NULL,NULL,NULL,NULL);
INSERT INTO "character_stats" ("id","character_id","date_noted","date_sequence","scan_type","hp","mp","sp","str","vit","int","agi","dex","luc","stat_total","points_from_avg","cite_volume","cite_chapter","cite_jnc_part","cite_source_type") VALUES(8,1,'2018-11-18',1,'Making',61,52,1118.856,24,25,28,20,26,24,147,87,NULL,NULL,NULL,NULL);
INSERT INTO "character_stats" ("id","character_id","date_noted","date_sequence","scan_type","hp","mp","sp","str","vit","int","agi","dex","luc","stat_total","points_from_avg","cite_volume","cite_chapter","cite_jnc_part","cite_source_type") VALUES(9,1,'2018-11-18',2,'Making',75,57,1085.856,30,30,30,30,30,30,180,120,NULL,NULL,NULL,NULL);
INSERT INTO "character_stats" ("id","character_id","date_noted","date_sequence","scan_type","hp","mp","sp","str","vit","int","agi","dex","luc","stat_total","points_from_avg","cite_volume","cite_chapter","cite_jnc_part","cite_source_type") VALUES(10,1,'2018-11-18',3,'Making',235,171,715.856,100,90,90,90,90,90,550,490,NULL,NULL,NULL,NULL);
INSERT INTO "character_stats" ("id","character_id","date_noted","date_sequence","scan_type","hp","mp","sp","str","vit","int","agi","dex","luc","stat_total","points_from_avg","cite_volume","cite_chapter","cite_jnc_part","cite_source_type") VALUES(11,1,'2018-11-18',4,'Making',235,171,715.856,99,90,90,90,90,90,549,489,NULL,NULL,NULL,NULL);
INSERT INTO "character_stats" ("id","character_id","date_noted","date_sequence","scan_type","hp","mp","sp","str","vit","int","agi","dex","luc","stat_total","points_from_avg","cite_volume","cite_chapter","cite_jnc_part","cite_source_type") VALUES(12,1,'2018-11-18',5,'Making',250,190,665.856,100,100,100,100,100,100,600,540,NULL,NULL,NULL,NULL);
INSERT INTO "character_stats" ("id","character_id","date_noted","date_sequence","scan_type","hp","mp","sp","str","vit","int","agi","dex","luc","stat_total","points_from_avg","cite_volume","cite_chapter","cite_jnc_part","cite_source_type") VALUES(13,1,'2018-11-18',6,'Making',250,190,665.856,30,30,30,30,30,100,250,190,NULL,NULL,NULL,NULL);
INSERT INTO "character_stats" ("id","character_id","date_noted","date_sequence","scan_type","hp","mp","sp","str","vit","int","agi","dex","luc","stat_total","points_from_avg","cite_volume","cite_chapter","cite_jnc_part","cite_source_type") VALUES(14,1,'2018-12-10',1,'Making',250,190,674.029,100,100,100,100,100,100,600,540,NULL,NULL,NULL,NULL);
INSERT INTO "character_stats" ("id","character_id","date_noted","date_sequence","scan_type","hp","mp","sp","str","vit","int","agi","dex","luc","stat_total","points_from_avg","cite_volume","cite_chapter","cite_jnc_part","cite_source_type") VALUES(15,1,'2018-12-11',1,'Making',432,240,523.448,200,100,100,200,100,100,800,740,NULL,NULL,NULL,NULL);
INSERT INTO "character_stats" ("id","character_id","date_noted","date_sequence","scan_type","hp","mp","sp","str","vit","int","agi","dex","luc","stat_total","points_from_avg","cite_volume","cite_chapter","cite_jnc_part","cite_source_type") VALUES(16,1,'2019-01-05',1,'Stat Measuring Device',45.12,32.4,NULL,15,15,14,16,15,15,90,30,NULL,NULL,NULL,NULL);
INSERT INTO "character_stats" ("id","character_id","date_noted","date_sequence","scan_type","hp","mp","sp","str","vit","int","agi","dex","luc","stat_total","points_from_avg","cite_volume","cite_chapter","cite_jnc_part","cite_source_type") VALUES(17,2,'2018-11-28',1,'Appraisal',21.7,30.9,NULL,8,9,17,11,13,10,68,8,NULL,NULL,NULL,NULL);
INSERT INTO "character_stats" ("id","character_id","date_noted","date_sequence","scan_type","hp","mp","sp","str","vit","int","agi","dex","luc","stat_total","points_from_avg","cite_volume","cite_chapter","cite_jnc_part","cite_source_type") VALUES(18,2,'2018-12-10',1,'Making',21.7,32.5,2.863,8,9,18,11,13,10,69,9,NULL,NULL,NULL,NULL);
INSERT INTO "character_stats" ("id","character_id","date_noted","date_sequence","scan_type","hp","mp","sp","str","vit","int","agi","dex","luc","stat_total","points_from_avg","cite_volume","cite_chapter","cite_jnc_part","cite_source_type") VALUES(19,2,'2018-12-11',1,'Making',22.25,33.05,50.937,8,9,18,11,13,10,69,9,NULL,NULL,NULL,NULL);
INSERT INTO "character_stats" ("id","character_id","date_noted","date_sequence","scan_type","hp","mp","sp","str","vit","int","agi","dex","luc","stat_total","points_from_avg","cite_volume","cite_chapter","cite_jnc_part","cite_source_type") VALUES(20,2,'2018-12-11',2,'Making',23.6,69.6,19.937,8,9,40,20,13,10,100,40,NULL,NULL,NULL,NULL);
INSERT INTO "character_stats" ("id","character_id","date_noted","date_sequence","scan_type","hp","mp","sp","str","vit","int","agi","dex","luc","stat_total","points_from_avg","cite_volume","cite_chapter","cite_jnc_part","cite_source_type") VALUES(21,2,'2018-12-11',3,'Making',27,86.8,0.937,10,10,50,20,19,10,119,59,NULL,NULL,NULL,NULL);
INSERT INTO "character_stats" ("id","character_id","date_noted","date_sequence","scan_type","hp","mp","sp","str","vit","int","agi","dex","luc","stat_total","points_from_avg","cite_volume","cite_chapter","cite_jnc_part","cite_source_type") VALUES(22,2,'2019-01-12',1,'Making',28.7,91.1,33.936,10,11,52,22,23,10,128,68,NULL,NULL,NULL,NULL);
INSERT INTO "character_stats" ("id","character_id","date_noted","date_sequence","scan_type","hp","mp","sp","str","vit","int","agi","dex","luc","stat_total","points_from_avg","cite_volume","cite_chapter","cite_jnc_part","cite_source_type") VALUES(23,2,'2019-01-12',2,'Making',29.15,136.75,0.936,10,11,80,25,25,10,161,101,NULL,NULL,NULL,NULL);
INSERT INTO "character_stats" ("id","character_id","date_noted","date_sequence","scan_type","hp","mp","sp","str","vit","int","agi","dex","luc","stat_total","points_from_avg","cite_volume","cite_chapter","cite_jnc_part","cite_source_type") VALUES(24,2,'2019-01-16',1,'Making',29.15,136.75,15.411,10,11,80,25,25,10,161,101,NULL,NULL,NULL,NULL);
INSERT INTO "character_stats" ("id","character_id","date_noted","date_sequence","scan_type","hp","mp","sp","str","vit","int","agi","dex","luc","stat_total","points_from_avg","cite_volume","cite_chapter","cite_jnc_part","cite_source_type") VALUES(25,2,'2019-01-16',2,'Making',29.9,153.5,0.411,10,11,90,30,25,10,176,116,NULL,NULL,NULL,NULL);
INSERT INTO "character_stats" ("id","character_id","date_noted","date_sequence","scan_type","hp","mp","sp","str","vit","int","agi","dex","luc","stat_total","points_from_avg","cite_volume","cite_chapter","cite_jnc_part","cite_source_type") VALUES(26,2,'2019-03-08',1,'Making',29.9,153.5,32.471,10,11,90,30,25,10,176,116,'10','13','5',NULL);
INSERT INTO "character_stats" ("id","character_id","date_noted","date_sequence","scan_type","hp","mp","sp","str","vit","int","agi","dex","luc","stat_total","points_from_avg","cite_volume","cite_chapter","cite_jnc_part","cite_source_type") VALUES(27,3,'2018-12-16',1,'Making',29,55.2,65.36,10,12,28,22,41,16,129,69,NULL,NULL,NULL,NULL);
INSERT INTO "character_stats" ("id","character_id","date_noted","date_sequence","scan_type","hp","mp","sp","str","vit","int","agi","dex","luc","stat_total","points_from_avg","cite_volume","cite_chapter","cite_jnc_part","cite_source_type") VALUES(28,3,'2018-12-16',2,'Making',48.5,71.9,0.36,10,25,34,35,70,20,194,134,NULL,NULL,NULL,NULL);
INSERT INTO "character_stats" ("id","character_id","date_noted","date_sequence","scan_type","hp","mp","sp","str","vit","int","agi","dex","luc","stat_total","points_from_avg","cite_volume","cite_chapter","cite_jnc_part","cite_source_type") VALUES(29,4,'2018-12-16',1,'Making',28.5,48.5,33.23,10,12,25,17,34,12,110,50,NULL,NULL,NULL,NULL);
INSERT INTO "character_stats" ("id","character_id","date_noted","date_sequence","scan_type","hp","mp","sp","str","vit","int","agi","dex","luc","stat_total","points_from_avg","cite_volume","cite_chapter","cite_jnc_part","cite_source_type") VALUES(30,4,'2018-12-16',2,'Making',34.9,60.5,0.23,10,16,30,25,50,12,143,83,NULL,NULL,NULL,NULL);
INSERT INTO "character_stats" ("id","character_id","date_noted","date_sequence","scan_type","hp","mp","sp","str","vit","int","agi","dex","luc","stat_total","points_from_avg","cite_volume","cite_chapter","cite_jnc_part","cite_source_type") VALUES(31,4,'2019-01-08',1,'Making',34.9,60.5,0.23,10,16,30,25,50,12,143,83,NULL,NULL,NULL,NULL);
INSERT INTO "character_stats" ("id","character_id","date_noted","date_sequence","scan_type","hp","mp","sp","str","vit","int","agi","dex","luc","stat_total","points_from_avg","cite_volume","cite_chapter","cite_jnc_part","cite_source_type") VALUES(32,4,'2019-01-08',2,'Making',35,62.8,4.19,10,16,31,26,53,12,148,88,NULL,NULL,NULL,NULL);
INSERT INTO "character_stats" ("id","character_id","date_noted","date_sequence","scan_type","hp","mp","sp","str","vit","int","agi","dex","luc","stat_total","points_from_avg","cite_volume","cite_chapter","cite_jnc_part","cite_source_type") VALUES(33,5,'2018-12-17',1,'Stat Measuring Device',23,27,NULL,10,9,15,9,13,11,67,7,NULL,NULL,NULL,NULL);
INSERT INTO "character_stats" ("id","character_id","date_noted","date_sequence","scan_type","hp","mp","sp","str","vit","int","agi","dex","luc","stat_total","points_from_avg","cite_volume","cite_chapter","cite_jnc_part","cite_source_type") VALUES(34,6,'2019-01-05',1,'Stat Measuring Device',87.9,66.7,NULL,34,36,35,35,36,12,188,128,NULL,NULL,NULL,NULL);
INSERT INTO "character_stats" ("id","character_id","date_noted","date_sequence","scan_type","hp","mp","sp","str","vit","int","agi","dex","luc","stat_total","points_from_avg","cite_volume","cite_chapter","cite_jnc_part","cite_source_type") VALUES(35,6,'2019-01-05',2,'Stat Measuring Device',88.2,67,123.6,34,36,35,38,36,12,191,131,NULL,NULL,NULL,NULL);
INSERT INTO "character_stats" ("id","character_id","date_noted","date_sequence","scan_type","hp","mp","sp","str","vit","int","agi","dex","luc","stat_total","points_from_avg","cite_volume","cite_chapter","cite_jnc_part","cite_source_type") VALUES(36,6,'2019-01-10',1,'Stat Measuring Device',126,74.8,60,61,42,38,62,39,12,254,194,NULL,NULL,NULL,NULL);
INSERT INTO "character_stats" ("id","character_id","date_noted","date_sequence","scan_type","hp","mp","sp","str","vit","int","agi","dex","luc","stat_total","points_from_avg","cite_volume","cite_chapter","cite_jnc_part","cite_source_type") VALUES(37,7,'2019-01-12',1,'Stat Measuring Device',113.8,82.8,NULL,45,46,43,44,48,13,239,179,'5','6','4','Light Novel');
INSERT INTO "character_stats" ("id","character_id","date_noted","date_sequence","scan_type","hp","mp","sp","str","vit","int","agi","dex","luc","stat_total","points_from_avg","cite_volume","cite_chapter","cite_jnc_part","cite_source_type") VALUES(38,7,'2019-01-12',2,'Stat Measuring Device',127.1,84.1,NULL,57,46,43,57,48,13,264,204,'5','6','6','Light Novel');
INSERT INTO "character_stats" ("id","character_id","date_noted","date_sequence","scan_type","hp","mp","sp","str","vit","int","agi","dex","luc","stat_total","points_from_avg","cite_volume","cite_chapter","cite_jnc_part","cite_source_type") VALUES(39,8,'2019-01-12',1,'Stat Measuring Device',97.4,76.8,NULL,39,38,38,52,54,13,234,174,NULL,NULL,NULL,NULL);
INSERT INTO "character_stats" ("id","character_id","date_noted","date_sequence","scan_type","hp","mp","sp","str","vit","int","agi","dex","luc","stat_total","points_from_avg","cite_volume","cite_chapter","cite_jnc_part","cite_source_type") VALUES(40,8,'2019-01-12',2,'Stat Measuring Device',98.6,80.4,NULL,39,38,38,66,66,13,260,200,NULL,NULL,NULL,NULL);
INSERT INTO "character_stats" ("id","character_id","date_noted","date_sequence","scan_type","hp","mp","sp","str","vit","int","agi","dex","luc","stat_total","points_from_avg","cite_volume","cite_chapter","cite_jnc_part","cite_source_type") VALUES(41,9,'2019-01-12',1,'Stat Measuring Device',139.8,62.8,NULL,55,58,32,36,40,12,233,173,NULL,NULL,NULL,NULL);
INSERT INTO "character_stats" ("id","character_id","date_noted","date_sequence","scan_type","hp","mp","sp","str","vit","int","agi","dex","luc","stat_total","points_from_avg","cite_volume","cite_chapter","cite_jnc_part","cite_source_type") VALUES(42,9,'2019-01-12',2,'Stat Measuring Device',170,62.8,NULL,67,71,32,36,40,12,258,198,NULL,NULL,NULL,NULL);
INSERT INTO "character_stats" ("id","character_id","date_noted","date_sequence","scan_type","hp","mp","sp","str","vit","int","agi","dex","luc","stat_total","points_from_avg","cite_volume","cite_chapter","cite_jnc_part","cite_source_type") VALUES(43,10,'2019-01-12',1,'Stat Measuring Device',91.4,104.4,NULL,35,38,58,32,42,13,218,158,NULL,NULL,NULL,NULL);
INSERT INTO "character_stats" ("id","character_id","date_noted","date_sequence","scan_type","hp","mp","sp","str","vit","int","agi","dex","luc","stat_total","points_from_avg","cite_volume","cite_chapter","cite_jnc_part","cite_source_type") VALUES(44,10,'2019-01-12',2,'Stat Measuring Device',92.7,124.9,NULL,35,38,70,45,42,13,243,183,NULL,NULL,NULL,NULL);
INSERT INTO "character_stats" ("id","character_id","date_noted","date_sequence","scan_type","hp","mp","sp","str","vit","int","agi","dex","luc","stat_total","points_from_avg","cite_volume","cite_chapter","cite_jnc_part","cite_source_type") VALUES(45,11,'2019-01-12',1,'Stat Measuring Device',21,27.4,NULL,9,8,15,8,13,41,94,34,NULL,NULL,NULL,NULL);
INSERT INTO "character_stats" ("id","character_id","date_noted","date_sequence","scan_type","hp","mp","sp","str","vit","int","agi","dex","luc","stat_total","points_from_avg","cite_volume","cite_chapter","cite_jnc_part","cite_source_type") VALUES(46,11,'2019-01-24',1,'Making',27.2,90.4,NULL,10,10,52,32,20,41,165,105,NULL,NULL,NULL,NULL);
INSERT INTO "character_stats" ("id","character_id","date_noted","date_sequence","scan_type","hp","mp","sp","str","vit","int","agi","dex","luc","stat_total","points_from_avg","cite_volume","cite_chapter","cite_jnc_part","cite_source_type") VALUES(47,28,'2019-01-24',1,'Making',33.2,86,0,14,12,48,24,34,12,144,84,NULL,NULL,NULL,NULL);
INSERT INTO "orbs" ("id","slug","orb_id","orb_name","known_effects","note","created_utc","modified_utc") VALUES(1,'making',1,'Making - メイキング',replace('Allows user to assign free SP to their stats. Can also assign free SP of party members, including grandchild parties.\n\nSecond effect allows user to select an orb every 100 kills. Orb choices are based on the creature killed as kill 100. It is not 100 of the same creature.','\n',char(10)),replace('This orb has only ever been shown as メイキング in the original Japanese light novel and manga to my knowledge.\n\nThis is important as the katakana spelling could be romanized as `Making`, `May King`, or `Mei King`.\n\nAll three versions have been commented on in story and all are phonetically correct to the katakana when spoken in English.\n\nWhen first shown in the JNC translation it is called "May King" and Keigo even says to himself `The monarch of spring, eh?` \n\n![Making skill card](/img/orbs/making-01.png) ![Making orb](/img/orbs/making-02.png)','\n',char(10)),'2026-05-10T23:14:19Z','2026-05-11T15:45:53Z');
INSERT INTO "orbs" ("id","slug","orb_id","orb_name","known_effects","note","created_utc","modified_utc") VALUES(2,'accelerated-growth',2,'Accelerated Growth','Unregistered Skill',NULL,'2026-05-10T23:14:19Z',NULL);
INSERT INTO "orbs" ("id","slug","orb_id","orb_name","known_effects","note","created_utc","modified_utc") VALUES(3,'agi1',3,'AGI+1','Adds 1 point to the user''s AGI stat',NULL,'2026-05-10T23:14:19Z',NULL);
INSERT INTO "orbs" ("id","slug","orb_id","orb_name","known_effects","note","created_utc","modified_utc") VALUES(4,'agihp1',4,'AGI×HP+1','Adds 1 to the default AGI to HP coefficient. It is unknown if this add 1 or 0.1 to the normal 0.1 HP coefficient for AGI.',NULL,'2026-05-10T23:14:19Z',NULL);
INSERT INTO "orbs" ("id","slug","orb_id","orb_name","known_effects","note","created_utc","modified_utc") VALUES(5,'appraisal',5,'Appraisal',NULL,NULL,'2026-05-10T23:14:19Z',NULL);
INSERT INTO "orbs" ("id","slug","orb_id","orb_name","known_effects","note","created_utc","modified_utc") VALUES(6,'camouflage',6,'Camouflage',NULL,NULL,'2026-05-10T23:14:19Z',NULL);
INSERT INTO "orbs" ("id","slug","orb_id","orb_name","known_effects","note","created_utc","modified_utc") VALUES(7,'danger-sense',7,'Danger Sense',NULL,NULL,'2026-05-10T23:14:19Z',NULL);
INSERT INTO "orbs" ("id","slug","orb_id","orb_name","known_effects","note","created_utc","modified_utc") VALUES(8,'darkness-magic-ii',8,'Darkness Magic (II)',NULL,NULL,'2026-05-10T23:14:19Z',NULL);
INSERT INTO "orbs" ("id","slug","orb_id","orb_name","known_effects","note","created_utc","modified_utc") VALUES(9,'darkness-magic-vi',9,'Darkness Magic (VI)','Summons up to the user''s INT / 4 hellhounds. The hellhounds cannot be unsummoned.',NULL,'2026-05-10T23:14:19Z',NULL);
INSERT INTO "orbs" ("id","slug","orb_id","orb_name","known_effects","note","created_utc","modified_utc") VALUES(10,'dexhp1',10,'DEX×HP+1','Adds 1 to the default DEX HP coefficient. It is unknown if this add 1 or 0.1 to the normal 0.1 HP coefficient for DEX.',NULL,'2026-05-10T23:14:19Z',NULL);
INSERT INTO "orbs" ("id","slug","orb_id","orb_name","known_effects","note","created_utc","modified_utc") VALUES(11,'dexterity',11,'Dexterity',NULL,NULL,'2026-05-10T23:14:19Z',NULL);
INSERT INTO "orbs" ("id","slug","orb_id","orb_name","known_effects","note","created_utc","modified_utc") VALUES(12,'disease-resistance-4',12,'Disease Resistance (4)',NULL,NULL,'2026-05-10T23:14:19Z',NULL);
INSERT INTO "orbs" ("id","slug","orb_id","orb_name","known_effects","note","created_utc","modified_utc") VALUES(13,'earth-magic',13,'Earth Magic',NULL,NULL,'2026-05-10T23:14:19Z',NULL);
INSERT INTO "orbs" ("id","slug","orb_id","orb_name","known_effects","note","created_utc","modified_utc") VALUES(14,'exchange-alchemy',14,'Exchange Alchemy','Unregistered Skill',NULL,'2026-05-10T23:14:19Z',NULL);
INSERT INTO "orbs" ("id","slug","orb_id","orb_name","known_effects","note","created_utc","modified_utc") VALUES(15,'fear',15,'Fear',NULL,NULL,'2026-05-10T23:14:19Z',NULL);
INSERT INTO "orbs" ("id","slug","orb_id","orb_name","known_effects","note","created_utc","modified_utc") VALUES(16,'fire-magic',16,'Fire Magic',NULL,NULL,'2026-05-10T23:14:19Z',NULL);
INSERT INTO "orbs" ("id","slug","orb_id","orb_name","known_effects","note","created_utc","modified_utc") VALUES(17,'impersonation',17,'Impersonation',NULL,NULL,'2026-05-10T23:14:19Z',NULL);
INSERT INTO "orbs" ("id","slug","orb_id","orb_name","known_effects","note","created_utc","modified_utc") VALUES(18,'infection',18,'Infection',NULL,NULL,'2026-05-10T23:14:19Z',NULL);
INSERT INTO "orbs" ("id","slug","orb_id","orb_name","known_effects","note","created_utc","modified_utc") VALUES(19,'invisibility',19,'Invisibility',NULL,NULL,'2026-05-10T23:14:19Z',NULL);
INSERT INTO "orbs" ("id","slug","orb_id","orb_name","known_effects","note","created_utc","modified_utc") VALUES(20,'life-detection',20,'Life Detection','Gain a vague awareness of where nearby people and monsters are located. Focus and training can cause it to extend in one direction',NULL,'2026-05-10T23:14:19Z',NULL);
INSERT INTO "orbs" ("id","slug","orb_id","orb_name","known_effects","note","created_utc","modified_utc") VALUES(21,'magic-resistance-1',21,'Magic Resistance (1)',NULL,NULL,'2026-05-10T23:14:19Z',NULL);
INSERT INTO "orbs" ("id","slug","orb_id","orb_name","known_effects","note","created_utc","modified_utc") VALUES(22,'mining',22,'Mining',NULL,NULL,'2026-05-10T23:14:19Z',NULL);
INSERT INTO "orbs" ("id","slug","orb_id","orb_name","known_effects","note","created_utc","modified_utc") VALUES(23,'night-vision',23,'Night Vision',NULL,NULL,'2026-05-10T23:14:19Z',NULL);
INSERT INTO "orbs" ("id","slug","orb_id","orb_name","known_effects","note","created_utc","modified_utc") VALUES(24,'otherworldly-language-comprehension',24,'Otherworldly Language Comprehension','Allows the explorer to read the dungeon inscriptions. Does not confer in depth understanding of the words read.',NULL,'2026-05-10T23:14:19Z',NULL);
INSERT INTO "orbs" ("id","slug","orb_id","orb_name","known_effects","note","created_utc","modified_utc") VALUES(25,'physical-resistance',25,'Physical Resistance',NULL,NULL,'2026-05-10T23:14:19Z',NULL);
INSERT INTO "orbs" ("id","slug","orb_id","orb_name","known_effects","note","created_utc","modified_utc") VALUES(26,'premature-birth',26,'Premature Birth','Shortens gestation time of pregnant mammals to one tenth normal. Untested on other creatures yet.',NULL,'2026-05-10T23:14:19Z',NULL);
INSERT INTO "orbs" ("id","slug","orb_id","orb_name","known_effects","note","created_utc","modified_utc") VALUES(27,'premature-death',27,'Premature Death','Unregistered Skill, but Keigo speculated that it shortens lifespan to one tenth normal.',NULL,'2026-05-10T23:14:19Z',NULL);
INSERT INTO "orbs" ("id","slug","orb_id","orb_name","known_effects","note","created_utc","modified_utc") VALUES(28,'premature-growth',28,'Premature Growth','Rapidly accelerates a person or animals growth within a dungeon.',NULL,'2026-05-10T23:14:19Z',NULL);
INSERT INTO "orbs" ("id","slug","orb_id","orb_name","known_effects","note","created_utc","modified_utc") VALUES(29,'rot',29,'Rot',NULL,NULL,'2026-05-10T23:14:19Z',NULL);
INSERT INTO "orbs" ("id","slug","orb_id","orb_name","known_effects","note","created_utc","modified_utc") VALUES(30,'self-amputation',30,'Self-Amputation',NULL,NULL,'2026-05-10T23:14:19Z',NULL);
INSERT INTO "orbs" ("id","slug","orb_id","orb_name","known_effects","note","created_utc","modified_utc") VALUES(31,'self-regeneration',31,'Self-Regeneration',NULL,NULL,'2026-05-10T23:14:19Z',NULL);
INSERT INTO "orbs" ("id","slug","orb_id","orb_name","known_effects","note","created_utc","modified_utc") VALUES(32,'status-ailment-resistance-2',32,'Status Ailment Resistance (2)',NULL,NULL,'2026-05-10T23:14:19Z',NULL);
INSERT INTO "orbs" ("id","slug","orb_id","orb_name","known_effects","note","created_utc","modified_utc") VALUES(33,'storage',33,'Storage','Stores objects in an extra-dimensional space. Time passes at half of real time for objects stored. Has an unknown maximum capacity, but is known to be more than 20 tons. Item can be removed from storage at a distance form the user. Items can also be removed from storage with acceleration.',NULL,'2026-05-10T23:14:19Z',NULL);
INSERT INTO "orbs" ("id","slug","orb_id","orb_name","known_effects","note","created_utc","modified_utc") VALUES(34,'super-recovery',34,'Super Recovery',NULL,NULL,'2026-05-10T23:14:19Z',NULL);
INSERT INTO "orbs" ("id","slug","orb_id","orb_name","known_effects","note","created_utc","modified_utc") VALUES(35,'super-sense',35,'Super Sense',NULL,NULL,'2026-05-10T23:14:19Z',NULL);
INSERT INTO "orbs" ("id","slug","orb_id","orb_name","known_effects","note","created_utc","modified_utc") VALUES(36,'surveillance',36,'Surveillance',NULL,NULL,'2026-05-10T23:14:19Z',NULL);
INSERT INTO "orbs" ("id","slug","orb_id","orb_name","known_effects","note","created_utc","modified_utc") VALUES(37,'tongue-shot',37,'Tongue Shot',NULL,NULL,'2026-05-10T23:14:19Z',NULL);
INSERT INTO "orbs" ("id","slug","orb_id","orb_name","known_effects","note","created_utc","modified_utc") VALUES(38,'ultimate-flame-magic',38,'Ultimate Flame Magic',NULL,NULL,'2026-05-10T23:14:19Z',NULL);
INSERT INTO "orbs" ("id","slug","orb_id","orb_name","known_effects","note","created_utc","modified_utc") VALUES(39,'undeath',39,'Undeath','You shall inherit an eternally undying body.<br>Undead transformation (skeleton)<br>Those who violate the natural order shall receiv fitting renumeration.','Was called Undeath in volume 2 and Undying in volume 5. It is assumed it is the same orb because both were from skeletons on the 10th floor.','2026-05-10T23:14:19Z',NULL);
INSERT INTO "orbs" ("id","slug","orb_id","orb_name","known_effects","note","created_utc","modified_utc") VALUES(40,'vault',40,'Vault','Stores objects in an extra-dimensional space. Time does not pass for objects stored. Has a maximum capacity of approximately under 20 tons',NULL,'2026-05-10T23:14:19Z',NULL);
INSERT INTO "orbs" ("id","slug","orb_id","orb_name","known_effects","note","created_utc","modified_utc") VALUES(41,'water-magic',41,'Water Magic',NULL,NULL,'2026-05-10T23:14:19Z',NULL);
INSERT INTO "orbs" ("id","slug","orb_id","orb_name","known_effects","note","created_utc","modified_utc") VALUES(42,'magnetic-field-manipulation',42,'Magnetic Field Manipulation',NULL,'While we never saw the orb name officially, Iori stated it was named Magnetic Field Manipulation on her D-Card.','2026-05-10T23:14:19Z',NULL);
INSERT INTO "orbs" ("id","slug","orb_id","orb_name","known_effects","note","created_utc","modified_utc") VALUES(43,'healing-magic',43,'Healing Magic',NULL,'This orb was only mentioned by inference because of Marianne having a healing ability. The name is assumed to be Healing Magic at this time as all magic types have the word Magic in the rob name so far.','2026-05-10T23:14:19Z',NULL);
INSERT INTO "orbs" ("id","slug","orb_id","orb_name","known_effects","note","created_utc","modified_utc") VALUES(44,'light-magic',44,'Light Magic',NULL,'This orb was only mentioned in passing when Tenko was discussing the Witch of Campbell. The name is assumed to be Light Magic','2026-05-10T23:14:19Z',NULL);
INSERT INTO "orbs" ("id","slug","orb_id","orb_name","known_effects","note","created_utc","modified_utc") VALUES(45,'agihp2',45,'AGI×HP+2','Adds 2 to the default AGI to HP coefficient. It is unknown if this adds 2 or 0.2 to the normal 0.1 HP coefficient for AGI.','Never seen dropped, but was mentioned by Miyoshi when discussing dud orbs. Was named then as AGIxH+2, but making displayed the +1 as HP, so this was standardized to match.','2026-05-10T23:14:19Z',NULL);
INSERT INTO "orb_drop_rates" ("id","orb_id","creature","dungeon","floor","favorable_outcomes","total_events","cite_volume","cite_chapter","cite_jnc_part","monster_id","dungeon_id","cite_source_type") VALUES(1,1,NULL,'Unformed Aoyama','Bottom',NULL,NULL,'1','1','1',NULL,4,NULL);
INSERT INTO "orb_drop_rates" ("id","orb_id","creature","dungeon","floor","favorable_outcomes","total_events","cite_volume","cite_chapter","cite_jnc_part","monster_id","dungeon_id","cite_source_type") VALUES(2,2,'Goblin','Yoyogi',NULL,1,1200000000,'2','3','1',5,3,NULL);
INSERT INTO "orb_drop_rates" ("id","orb_id","creature","dungeon","floor","favorable_outcomes","total_events","cite_volume","cite_chapter","cite_jnc_part","monster_id","dungeon_id","cite_source_type") VALUES(3,3,'Kobold','Yoyogi','2<sup>nd</sup>',1,50000000,'2','3','2',8,3,NULL);
INSERT INTO "orb_drop_rates" ("id","orb_id","creature","dungeon","floor","favorable_outcomes","total_events","cite_volume","cite_chapter","cite_jnc_part","monster_id","dungeon_id","cite_source_type") VALUES(4,4,'Kobold','Yoyogi','2<sup>nd</sup>',1,20000000,'2','3','2',8,3,NULL);
INSERT INTO "orb_drop_rates" ("id","orb_id","creature","dungeon","floor","favorable_outcomes","total_events","cite_volume","cite_chapter","cite_jnc_part","monster_id","dungeon_id","cite_source_type") VALUES(5,4,'Wolf','Yoyogi','3<sup>rd</sup>',1,7000000,'3','4','1',12,3,NULL);
INSERT INTO "orb_drop_rates" ("id","orb_id","creature","dungeon","floor","favorable_outcomes","total_events","cite_volume","cite_chapter","cite_jnc_part","monster_id","dungeon_id","cite_source_type") VALUES(6,5,'Eyeball','Wandering Mansion','Any',1,700000000,'2','3','7',3,5,NULL);
INSERT INTO "orb_drop_rates" ("id","orb_id","creature","dungeon","floor","favorable_outcomes","total_events","cite_volume","cite_chapter","cite_jnc_part","monster_id","dungeon_id","cite_source_type") VALUES(7,6,'Chameleon',NULL,NULL,1,1200000000,'5','6',NULL,2,NULL,NULL);
INSERT INTO "orb_drop_rates" ("id","orb_id","creature","dungeon","floor","favorable_outcomes","total_events","cite_volume","cite_chapter","cite_jnc_part","monster_id","dungeon_id","cite_source_type") VALUES(8,7,'Wolf','Yoyogi','3<sup>rd</sup>',1,2000000000,'3','4','1',12,3,NULL);
INSERT INTO "orb_drop_rates" ("id","orb_id","creature","dungeon","floor","favorable_outcomes","total_events","cite_volume","cite_chapter","cite_jnc_part","monster_id","dungeon_id","cite_source_type") VALUES(9,8,'Barghest','Yoyogi','10<sup>th</sup>',1,100000000,'2','3','6',1,3,NULL);
INSERT INTO "orb_drop_rates" ("id","orb_id","creature","dungeon","floor","favorable_outcomes","total_events","cite_volume","cite_chapter","cite_jnc_part","monster_id","dungeon_id","cite_source_type") VALUES(10,9,'Hound of Hectate','Yoyogi','5<sup>th</sup>',1,2000000,'2','3','2',NULL,3,NULL);
INSERT INTO "orb_drop_rates" ("id","orb_id","creature","dungeon","floor","favorable_outcomes","total_events","cite_volume","cite_chapter","cite_jnc_part","monster_id","dungeon_id","cite_source_type") VALUES(11,9,'Barghest','Yoyogi','10<sup>th</sup>',1,280000000,'2','3','6',1,3,NULL);
INSERT INTO "orb_drop_rates" ("id","orb_id","creature","dungeon","floor","favorable_outcomes","total_events","cite_volume","cite_chapter","cite_jnc_part","monster_id","dungeon_id","cite_source_type") VALUES(12,10,'Goblin','Yoyogi','2<sup>nd</sup>',1,5000000,'2','3','1',5,3,NULL);
INSERT INTO "orb_drop_rates" ("id","orb_id","creature","dungeon","floor","favorable_outcomes","total_events","cite_volume","cite_chapter","cite_jnc_part","monster_id","dungeon_id","cite_source_type") VALUES(13,11,'Genomos','Yoyogi','18<sup>th</sup>',1,1000000,'3','4',NULL,4,3,NULL);
INSERT INTO "orb_drop_rates" ("id","orb_id","creature","dungeon","floor","favorable_outcomes","total_events","cite_volume","cite_chapter","cite_jnc_part","monster_id","dungeon_id","cite_source_type") VALUES(14,12,'Barghest','Yoyogi','10<sup>th</sup>',1,700000000,'2','3','6',1,3,NULL);
INSERT INTO "orb_drop_rates" ("id","orb_id","creature","dungeon","floor","favorable_outcomes","total_events","cite_volume","cite_chapter","cite_jnc_part","monster_id","dungeon_id","cite_source_type") VALUES(15,13,'Genomos','Yoyogi','18<sup>th</sup>',1,90000000,'3','4',NULL,4,3,NULL);
INSERT INTO "orb_drop_rates" ("id","orb_id","creature","dungeon","floor","favorable_outcomes","total_events","cite_volume","cite_chapter","cite_jnc_part","monster_id","dungeon_id","cite_source_type") VALUES(16,14,'Kobold','Yoyogi','2<sup>nd</sup>',1,16000000000,'2','3','2',8,3,NULL);
INSERT INTO "orb_drop_rates" ("id","orb_id","creature","dungeon","floor","favorable_outcomes","total_events","cite_volume","cite_chapter","cite_jnc_part","monster_id","dungeon_id","cite_source_type") VALUES(17,15,'Eyeball','Wandering Mansion','Any',1,40000000,'2','3','7',3,5,NULL);
INSERT INTO "orb_drop_rates" ("id","orb_id","creature","dungeon","floor","favorable_outcomes","total_events","cite_volume","cite_chapter","cite_jnc_part","monster_id","dungeon_id","cite_source_type") VALUES(18,16,'Lesser Salamandora','Yoyogi','11<sup>th</sup>',1,40000000,'2','3','8',9,3,NULL);
INSERT INTO "orb_drop_rates" ("id","orb_id","creature","dungeon","floor","favorable_outcomes","total_events","cite_volume","cite_chapter","cite_jnc_part","monster_id","dungeon_id","cite_source_type") VALUES(19,17,'Chameleon',NULL,NULL,1,40000000,'5','6',NULL,2,NULL,NULL);
INSERT INTO "orb_drop_rates" ("id","orb_id","creature","dungeon","floor","favorable_outcomes","total_events","cite_volume","cite_chapter","cite_jnc_part","monster_id","dungeon_id","cite_source_type") VALUES(20,18,'Zombie','Yoyogi','10<sup>th</sup>',1,900000000,'5','6',NULL,13,3,NULL);
INSERT INTO "orb_drop_rates" ("id","orb_id","creature","dungeon","floor","favorable_outcomes","total_events","cite_volume","cite_chapter","cite_jnc_part","monster_id","dungeon_id","cite_source_type") VALUES(21,19,'Chameleon',NULL,NULL,1,3100000000,'5','6',NULL,2,NULL,NULL);
INSERT INTO "orb_drop_rates" ("id","orb_id","creature","dungeon","floor","favorable_outcomes","total_events","cite_volume","cite_chapter","cite_jnc_part","monster_id","dungeon_id","cite_source_type") VALUES(22,20,'Kobold','Yoyogi','2<sup>nd</sup>',1,1200000000,'2','3','2',8,3,NULL);
INSERT INTO "orb_drop_rates" ("id","orb_id","creature","dungeon","floor","favorable_outcomes","total_events","cite_volume","cite_chapter","cite_jnc_part","monster_id","dungeon_id","cite_source_type") VALUES(23,20,'Barghest','Yoyogi','10<sup>th</sup>',1,50000000,'2','3','6',1,3,NULL);
INSERT INTO "orb_drop_rates" ("id","orb_id","creature","dungeon","floor","favorable_outcomes","total_events","cite_volume","cite_chapter","cite_jnc_part","monster_id","dungeon_id","cite_source_type") VALUES(24,20,'Skeleton','Yoyogi','10<sup>th</sup>',1,20000000,'2','3','8',10,3,NULL);
INSERT INTO "orb_drop_rates" ("id","orb_id","creature","dungeon","floor","favorable_outcomes","total_events","cite_volume","cite_chapter","cite_jnc_part","monster_id","dungeon_id","cite_source_type") VALUES(25,20,'Wolf','Yoyogi','3<sup>rd</sup>',1,24200000000,'3','4','1',12,3,NULL);
INSERT INTO "orb_drop_rates" ("id","orb_id","creature","dungeon","floor","favorable_outcomes","total_events","cite_volume","cite_chapter","cite_jnc_part","monster_id","dungeon_id","cite_source_type") VALUES(26,20,'Zombie','Yoyogi','10<sup>th</sup>',1,20000000,'5','6',NULL,13,3,NULL);
INSERT INTO "orb_drop_rates" ("id","orb_id","creature","dungeon","floor","favorable_outcomes","total_events","cite_volume","cite_chapter","cite_jnc_part","monster_id","dungeon_id","cite_source_type") VALUES(27,20,'Skeleton','Yoyogi','10<sup>th</sup>',1,20000000,'5','6',NULL,10,3,NULL);
INSERT INTO "orb_drop_rates" ("id","orb_id","creature","dungeon","floor","favorable_outcomes","total_events","cite_volume","cite_chapter","cite_jnc_part","monster_id","dungeon_id","cite_source_type") VALUES(28,21,'Skeleton','Yoyogi','10<sup>th</sup>',1,700000000,'2','3','8',10,3,NULL);
INSERT INTO "orb_drop_rates" ("id","orb_id","creature","dungeon","floor","favorable_outcomes","total_events","cite_volume","cite_chapter","cite_jnc_part","monster_id","dungeon_id","cite_source_type") VALUES(29,21,'Skeleton','Yoyogi','10<sup>th</sup>',1,700000000,'5','6',NULL,10,3,NULL);
INSERT INTO "orb_drop_rates" ("id","orb_id","creature","dungeon","floor","favorable_outcomes","total_events","cite_volume","cite_chapter","cite_jnc_part","monster_id","dungeon_id","cite_source_type") VALUES(30,22,'Genomos','Yoyogi','18<sup>th</sup>',1,10000,'3','4',NULL,4,3,NULL);
INSERT INTO "orb_drop_rates" ("id","orb_id","creature","dungeon","floor","favorable_outcomes","total_events","cite_volume","cite_chapter","cite_jnc_part","monster_id","dungeon_id","cite_source_type") VALUES(31,23,'Genomos','Yoyogi','18<sup>th</sup>',1,8000000,'3','4',NULL,4,3,NULL);
INSERT INTO "orb_drop_rates" ("id","orb_id","creature","dungeon","floor","favorable_outcomes","total_events","cite_volume","cite_chapter","cite_jnc_part","monster_id","dungeon_id","cite_source_type") VALUES(32,24,'Hound of Hectate','Yoyogi','5<sup>th</sup>',1,1000,'2','3','2',NULL,3,NULL);
INSERT INTO "orb_drop_rates" ("id","orb_id","creature","dungeon","floor","favorable_outcomes","total_events","cite_volume","cite_chapter","cite_jnc_part","monster_id","dungeon_id","cite_source_type") VALUES(33,25,'Slime','Yoyogi','1<sup>st</sup>',1,100000000,'1','1','5',11,3,NULL);
INSERT INTO "orb_drop_rates" ("id","orb_id","creature","dungeon","floor","favorable_outcomes","total_events","cite_volume","cite_chapter","cite_jnc_part","monster_id","dungeon_id","cite_source_type") VALUES(34,26,'Goblin','Yoyogi','2<sup>nd</sup>',1,10000000,'2','3','1',5,3,NULL);
INSERT INTO "orb_drop_rates" ("id","orb_id","creature","dungeon","floor","favorable_outcomes","total_events","cite_volume","cite_chapter","cite_jnc_part","monster_id","dungeon_id","cite_source_type") VALUES(35,27,'Goblin','Yoyogi','2<sup>nd</sup>',1,2000000000,'2','3','1',5,3,NULL);
INSERT INTO "orb_drop_rates" ("id","orb_id","creature","dungeon","floor","favorable_outcomes","total_events","cite_volume","cite_chapter","cite_jnc_part","monster_id","dungeon_id","cite_source_type") VALUES(36,28,'Goblin','Yoyogi','2<sup>nd</sup>',1,800000000,'2','3','1',5,3,NULL);
INSERT INTO "orb_drop_rates" ("id","orb_id","creature","dungeon","floor","favorable_outcomes","total_events","cite_volume","cite_chapter","cite_jnc_part","monster_id","dungeon_id","cite_source_type") VALUES(37,29,'Zombie','Yoyogi','10<sup>th</sup>',1,400000000,'5','6',NULL,13,3,NULL);
INSERT INTO "orb_drop_rates" ("id","orb_id","creature","dungeon","floor","favorable_outcomes","total_events","cite_volume","cite_chapter","cite_jnc_part","monster_id","dungeon_id","cite_source_type") VALUES(38,30,'Lesser Salamandora','Yoyogi','11<sup>th</sup>',1,200000000,'2','3','8',9,3,NULL);
INSERT INTO "orb_drop_rates" ("id","orb_id","creature","dungeon","floor","favorable_outcomes","total_events","cite_volume","cite_chapter","cite_jnc_part","monster_id","dungeon_id","cite_source_type") VALUES(39,31,'Lesser Salamandora','Yoyogi','11<sup>th</sup>',1,200000000,'2','3','8',9,3,NULL);
INSERT INTO "orb_drop_rates" ("id","orb_id","creature","dungeon","floor","favorable_outcomes","total_events","cite_volume","cite_chapter","cite_jnc_part","monster_id","dungeon_id","cite_source_type") VALUES(40,32,'Barghest','Yoyogi','10<sup>th</sup>',1,500000000,'2','3','6',1,3,NULL);
INSERT INTO "orb_drop_rates" ("id","orb_id","creature","dungeon","floor","favorable_outcomes","total_events","cite_volume","cite_chapter","cite_jnc_part","monster_id","dungeon_id","cite_source_type") VALUES(41,33,'Slime','Yoyogi','1<sup>st</sup>',1,7000000000,'1','1','5',11,3,NULL);
INSERT INTO "orb_drop_rates" ("id","orb_id","creature","dungeon","floor","favorable_outcomes","total_events","cite_volume","cite_chapter","cite_jnc_part","monster_id","dungeon_id","cite_source_type") VALUES(42,34,'Slime','Yoyogi','1<sup>st</sup>',1,1000000000,'1','1','5',11,3,NULL);
INSERT INTO "orb_drop_rates" ("id","orb_id","creature","dungeon","floor","favorable_outcomes","total_events","cite_volume","cite_chapter","cite_jnc_part","monster_id","dungeon_id","cite_source_type") VALUES(43,35,'Wolf','Yoyogi','3<sup>rd</sup>',1,500000000,'3','4','1',12,3,NULL);
INSERT INTO "orb_drop_rates" ("id","orb_id","creature","dungeon","floor","favorable_outcomes","total_events","cite_volume","cite_chapter","cite_jnc_part","monster_id","dungeon_id","cite_source_type") VALUES(44,36,'Eyeball','Wandering Mansion','Any',1,300000000,'2','3','7',3,5,NULL);
INSERT INTO "orb_drop_rates" ("id","orb_id","creature","dungeon","floor","favorable_outcomes","total_events","cite_volume","cite_chapter","cite_jnc_part","monster_id","dungeon_id","cite_source_type") VALUES(45,37,'Chameleon',NULL,NULL,1,500000000,'5','6',NULL,2,NULL,NULL);
INSERT INTO "orb_drop_rates" ("id","orb_id","creature","dungeon","floor","favorable_outcomes","total_events","cite_volume","cite_chapter","cite_jnc_part","monster_id","dungeon_id","cite_source_type") VALUES(46,38,'Lesser Salamandora','Yoyogi','11<sup>th</sup>',1,1700000000,'2','3','8',9,3,NULL);
INSERT INTO "orb_drop_rates" ("id","orb_id","creature","dungeon","floor","favorable_outcomes","total_events","cite_volume","cite_chapter","cite_jnc_part","monster_id","dungeon_id","cite_source_type") VALUES(47,39,'Skeleton','Yoyogi','10<sup>th</sup>',1,1200000000,'2','3','8',10,3,NULL);
INSERT INTO "orb_drop_rates" ("id","orb_id","creature","dungeon","floor","favorable_outcomes","total_events","cite_volume","cite_chapter","cite_jnc_part","monster_id","dungeon_id","cite_source_type") VALUES(48,39,'Skeleton','Yoyogi','10<sup>th</sup>',1,1200000000,'5','6',NULL,10,3,NULL);
INSERT INTO "orb_drop_rates" ("id","orb_id","creature","dungeon","floor","favorable_outcomes","total_events","cite_volume","cite_chapter","cite_jnc_part","monster_id","dungeon_id","cite_source_type") VALUES(49,40,'Slime','Yoyogi','1<sup>st</sup>',1,100000000000,'1','1','5',11,3,NULL);
INSERT INTO "orb_drop_rates" ("id","orb_id","creature","dungeon","floor","favorable_outcomes","total_events","cite_volume","cite_chapter","cite_jnc_part","monster_id","dungeon_id","cite_source_type") VALUES(50,41,'Slime','Yoyogi','1<sup>st</sup>',1,600000000,'1','1','5',11,3,NULL);
INSERT INTO "orb_drop_rates" ("id","orb_id","creature","dungeon","floor","favorable_outcomes","total_events","cite_volume","cite_chapter","cite_jnc_part","monster_id","dungeon_id","cite_source_type") VALUES(51,42,'Great White Shark','Unknown in Okinawa',NULL,1,NULL,'1','2','11',6,8,NULL);
INSERT INTO "orb_drop_rates" ("id","orb_id","creature","dungeon","floor","favorable_outcomes","total_events","cite_volume","cite_chapter","cite_jnc_part","monster_id","dungeon_id","cite_source_type") VALUES(52,43,NULL,'Unknown in France',NULL,1,NULL,'2',NULL,NULL,NULL,7,NULL);
INSERT INTO "orb_drop_rates" ("id","orb_id","creature","dungeon","floor","favorable_outcomes","total_events","cite_volume","cite_chapter","cite_jnc_part","monster_id","dungeon_id","cite_source_type") VALUES(53,44,NULL,'Unknown in Australia',NULL,NULL,NULL,'4',NULL,NULL,NULL,6,NULL);
INSERT INTO "orb_drop_rates" ("id","orb_id","creature","dungeon","floor","favorable_outcomes","total_events","cite_volume","cite_chapter","cite_jnc_part","monster_id","dungeon_id","cite_source_type") VALUES(54,45,NULL,NULL,NULL,NULL,NULL,'1','1',NULL,NULL,NULL,NULL);
INSERT INTO "character_orbs" ("id","character_id","orb_id","date_acquired","date_note","cite_volume","cite_chapter","cite_jnc_part","cite_source_type") VALUES(1,1,1,'2018-09-27','Acquired after dropping rebar in dungeon, mid-formation','1','1','2',NULL);
INSERT INTO "character_orbs" ("id","character_id","orb_id","date_acquired","date_note","cite_volume","cite_chapter","cite_jnc_part","cite_source_type") VALUES(2,1,40,'2018-10-05','First Orb from Making selection screen','1','1','5',NULL);
INSERT INTO "character_orbs" ("id","character_id","orb_id","date_acquired","date_note","cite_volume","cite_chapter","cite_jnc_part","cite_source_type") VALUES(3,1,34,'2018-11-12','Used immediately after accepting the request to get the OLC orb.','1','2','10',NULL);
INSERT INTO "character_orbs" ("id","character_id","orb_id","date_acquired","date_note","cite_volume","cite_chapter","cite_jnc_part","cite_source_type") VALUES(4,1,25,'2018-11-12','Used immediately after accepting the request to get the OLC orb.','1','2','10',NULL);
INSERT INTO "character_orbs" ("id","character_id","orb_id","date_acquired","date_note","cite_volume","cite_chapter","cite_jnc_part","cite_source_type") VALUES(5,1,41,'2018-11-12','Used immediately after accepting the request to get the OLC orb.','1','2','10',NULL);
INSERT INTO "character_orbs" ("id","character_id","orb_id","date_acquired","date_note","cite_volume","cite_chapter","cite_jnc_part","cite_source_type") VALUES(6,1,20,'2018-11-24','Used the Saturday of his dungeon not-date with Mitsurugi.','2','3','3',NULL);
INSERT INTO "character_orbs" ("id","character_id","orb_id","date_acquired","date_note","cite_volume","cite_chapter","cite_jnc_part","cite_source_type") VALUES(7,1,38,'2018-11-29',NULL,'2','3','8',NULL);
INSERT INTO "character_orbs" ("id","character_id","orb_id","date_acquired","date_note","cite_volume","cite_chapter","cite_jnc_part","cite_source_type") VALUES(8,2,33,'2018-11-12','Used immediately after accepting the request to get the OLC orb.','1','2','10',NULL);
INSERT INTO "character_orbs" ("id","character_id","orb_id","date_acquired","date_note","cite_volume","cite_chapter","cite_jnc_part","cite_source_type") VALUES(9,2,34,'2018-11-12','Used immediately after accepting the request to get the OLC orb.','1','2','10',NULL);
INSERT INTO "character_orbs" ("id","character_id","orb_id","date_acquired","date_note","cite_volume","cite_chapter","cite_jnc_part","cite_source_type") VALUES(10,2,25,'2018-11-12','Used immediately after accepting the request to get the OLC orb.','1','2','10',NULL);
INSERT INTO "character_orbs" ("id","character_id","orb_id","date_acquired","date_note","cite_volume","cite_chapter","cite_jnc_part","cite_source_type") VALUES(11,2,41,'2018-11-12','Used immediately after accepting the request to get the OLC orb.','1','2','10',NULL);
INSERT INTO "character_orbs" ("id","character_id","orb_id","date_acquired","date_note","cite_volume","cite_chapter","cite_jnc_part","cite_source_type") VALUES(12,2,5,'2018-11-29',NULL,'2','3','7',NULL);
INSERT INTO "character_orbs" ("id","character_id","orb_id","date_acquired","date_note","cite_volume","cite_chapter","cite_jnc_part","cite_source_type") VALUES(13,2,9,'2018-11-29',NULL,'2','3','7',NULL);
INSERT INTO "character_orbs" ("id","character_id","orb_id","date_acquired","date_note","cite_volume","cite_chapter","cite_jnc_part","cite_source_type") VALUES(14,7,25,'2018-11-17','Acquired in the second auction. WHile it was not state Simon used it. The party composition implies it was Simon after Mason.','1','2','13','Light Novel');
INSERT INTO "character_orbs" ("id","character_id","orb_id","date_acquired","date_note","cite_volume","cite_chapter","cite_jnc_part","cite_source_type") VALUES(15,9,25,'2018-11-10','Acquired in the first auction','1','2','10',NULL);
INSERT INTO "character_orbs" ("id","character_id","orb_id","date_acquired","date_note","cite_volume","cite_chapter","cite_jnc_part","cite_source_type") VALUES(16,11,9,'2019-01-24','Given by D-Powers','7','9','12',NULL);
INSERT INTO "character_orbs" ("id","character_id","orb_id","date_acquired","date_note","cite_volume","cite_chapter","cite_jnc_part","cite_source_type") VALUES(17,11,22,'2019-01-25','Given by D-Powers','7','9','14',NULL);
INSERT INTO "character_orbs" ("id","character_id","orb_id","date_acquired","date_note","cite_volume","cite_chapter","cite_jnc_part","cite_source_type") VALUES(18,11,25,'2019-01-25','Given by D-Powers','7','9','14',NULL);
INSERT INTO "character_orbs" ("id","character_id","orb_id","date_acquired","date_note","cite_volume","cite_chapter","cite_jnc_part","cite_source_type") VALUES(19,12,34,'2018-11-16',NULL,'1','2',NULL,NULL);
INSERT INTO "character_orbs" ("id","character_id","orb_id","date_acquired","date_note","cite_volume","cite_chapter","cite_jnc_part","cite_source_type") VALUES(20,14,25,'2018-11-17','Acquired in the second auction. Used immediately in front of D-Powers.','1','2','13',NULL);
INSERT INTO "character_orbs" ("id","character_id","orb_id","date_acquired","date_note","cite_volume","cite_chapter","cite_jnc_part","cite_source_type") VALUES(21,15,25,'2018-11-17','Acquired in the second auction. Assumed he used it, but was not clearly stated.','1','2','13',NULL);
INSERT INTO "character_orbs" ("id","character_id","orb_id","date_acquired","date_note","cite_volume","cite_chapter","cite_jnc_part","cite_source_type") VALUES(22,25,42,'2015-08-30','Date is an estimate, Iori was a college student on summer break. The exact quote is ''The summer of 2015 was comming to an end.''','1','2','11',NULL);
INSERT INTO "character_orbs" ("id","character_id","orb_id","date_acquired","date_note","cite_volume","cite_chapter","cite_jnc_part","cite_source_type") VALUES(23,25,34,'2015-01-19','Given to by The Phantom''','6','8','15',NULL);
INSERT INTO "character_orbs" ("id","character_id","orb_id","date_acquired","date_note","cite_volume","cite_chapter","cite_jnc_part","cite_source_type") VALUES(24,28,13,'2019-01-24','Given by D-Powers','7','9','12',NULL);
INSERT INTO "character_orbs" ("id","character_id","orb_id","date_acquired","date_note","cite_volume","cite_chapter","cite_jnc_part","cite_source_type") VALUES(25,28,22,'2019-01-25','Given by D-Powers','7','9','14',NULL);
INSERT INTO "character_orbs" ("id","character_id","orb_id","date_acquired","date_note","cite_volume","cite_chapter","cite_jnc_part","cite_source_type") VALUES(26,28,25,'2019-01-25','Given by D-Powers','7','9','14',NULL);
INSERT INTO "character_orbs" ("id","character_id","orb_id","date_acquired","date_note","cite_volume","cite_chapter","cite_jnc_part","cite_source_type") VALUES(27,28,41,'2019-01-25','Given by D-Powers - possibly given to Rokujo','7','9','15',NULL);
INSERT INTO "character_orbs" ("id","character_id","orb_id","date_acquired","date_note","cite_volume","cite_chapter","cite_jnc_part","cite_source_type") VALUES(28,30,43,'2016-01-01','Narration of David''s thoughts stated he saw her using her ability two years ago','2','Prologue','1',NULL);
INSERT INTO "character_orbs" ("id","character_id","orb_id","date_acquired","date_note","cite_volume","cite_chapter","cite_jnc_part","cite_source_type") VALUES(29,35,34,'2019-02-06','Orb was acquired sometime after Feb 5, 2019 according to the afterword.','SS','SS','13',NULL);
INSERT INTO "timeline_events" ("id","date_utc","date_label","display_time","timezone","pre_history","event","cite_volume","cite_chapter","cite_jnc_part","cite_source_type") VALUES(1,'2015-06-15T03:00:00Z','Early Summer 2015',0,'JST',1,replace('The Ring becomes the first Dungeon.\nTime of year taken from Iori''s background story that dungeons appeared at the beginning of the season.','\n',char(10)),'1','1','1',NULL);
INSERT INTO "timeline_events" ("id","date_utc","date_label","display_time","timezone","pre_history","event","cite_volume","cite_chapter","cite_jnc_part","cite_source_type") VALUES(2,'2015-08-15T03:00:00Z','Late Summer 2015',0,'JST',1,'Iori gets her D-Card and orb in a dungeon in Okinawa',NULL,NULL,NULL,NULL);
INSERT INTO "timeline_events" ("id","date_utc","date_label","display_time","timezone","pre_history","event","cite_volume","cite_chapter","cite_jnc_part","cite_source_type") VALUES(3,'2017-10-14T00:00:00.000Z','Late 2017',0,'JST',1,'Miyoshi gets her D-Card on a card tour. Date was randomly chosen based on the conversation with Keigo at the Italian restaurant, that is was in vogue when she was in college.','1','1','2','Light Novel');
INSERT INTO "timeline_events" ("id","date_utc","date_label","display_time","timezone","pre_history","event","cite_volume","cite_chapter","cite_jnc_part","cite_source_type") VALUES(4,'2016-09-01T03:00:00Z','Later half of 2016',0,'JST',1,'David sees Marianne healing people and they form Altum Foraminis Sacri Esse otherwise known as the Church of the Deep Chasm',NULL,NULL,NULL,NULL);
INSERT INTO "timeline_events" ("id","date_utc","date_label","display_time","timezone","pre_history","event","cite_volume","cite_chapter","cite_jnc_part","cite_source_type") VALUES(5,'2018-09-20T03:00:00Z','Late September 2018',0,'JST',0,'Noted as "late September" in the text, Dr Ainsworth discusses the discovery of Otherworldly Language Comprehension in Russia','1',NULL,NULL,NULL);
INSERT INTO "timeline_events" ("id","date_utc","date_label","display_time","timezone","pre_history","event","cite_volume","cite_chapter","cite_jnc_part","cite_source_type") VALUES(6,'2018-09-27T03:00:00Z',NULL,0,'JST',0,'Keigo gets his D-Card and Making. Radio announcement about Team Simon clearing the first mid-depth dungeon.','1',NULL,NULL,NULL);
INSERT INTO "timeline_events" ("id","date_utc","date_label","display_time","timezone","pre_history","event","cite_volume","cite_chapter","cite_jnc_part","cite_source_type") VALUES(7,'2018-09-28T03:00:00Z',NULL,0,'JST',0,'Keigo figures out that May King was Making and how to use it to display and assign his own stats (increase only)','1',NULL,NULL,NULL);
INSERT INTO "timeline_events" ("id","date_utc","date_label","display_time","timezone","pre_history","event","cite_volume","cite_chapter","cite_jnc_part","cite_source_type") VALUES(8,'2018-10-04T03:00:00Z',NULL,0,'JST',0,'Keigo enters Yoyogi for the first time and learns about consecutive killing SP rates','1',NULL,NULL,NULL);
INSERT INTO "timeline_events" ("id","date_utc","date_label","display_time","timezone","pre_history","event","cite_volume","cite_chapter","cite_jnc_part","cite_source_type") VALUES(9,'2018-10-05T03:00:00Z',NULL,0,'JST',0,'Keigo learns about in/out SP and obtains Vault','1',NULL,NULL,NULL);
INSERT INTO "timeline_events" ("id","date_utc","date_label","display_time","timezone","pre_history","event","cite_volume","cite_chapter","cite_jnc_part","cite_source_type") VALUES(10,'2018-10-07T03:00:00Z',NULL,0,'JST',0,'Keigo obtains Water Magic and learns about the cooldown on Making''s 100 kill pop up','1',NULL,NULL,NULL);
INSERT INTO "timeline_events" ("id","date_utc","date_label","display_time","timezone","pre_history","event","cite_volume","cite_chapter","cite_jnc_part","cite_source_type") VALUES(11,'2018-10-26T03:00:00Z',NULL,0,'JST',0,'Time skip and Keigo has a collection of orbs. D-Powers the party is legally formed','1',NULL,NULL,NULL);
INSERT INTO "timeline_events" ("id","date_utc","date_label","display_time","timezone","pre_history","event","cite_volume","cite_chapter","cite_jnc_part","cite_source_type") VALUES(12,'2018-11-01T03:00:00Z',NULL,0,'JST',0,'The first auction goes live','1',NULL,NULL,NULL);
INSERT INTO "timeline_events" ("id","date_utc","date_label","display_time","timezone","pre_history","event","cite_volume","cite_chapter","cite_jnc_part","cite_source_type") VALUES(13,'2018-11-04T03:00:00Z',NULL,0,'JST',0,'The first auction completes to them earning ~11 billion yen (pre-tax).','1',NULL,NULL,NULL);
INSERT INTO "timeline_events" ("id","date_utc","date_label","display_time","timezone","pre_history","event","cite_volume","cite_chapter","cite_jnc_part","cite_source_type") VALUES(14,'2018-11-05T03:00:00Z',NULL,0,'JST',0,'First orb handover at JDA, learn about travel ban','1',NULL,NULL,NULL);
INSERT INTO "timeline_events" ("id","date_utc","date_label","display_time","timezone","pre_history","event","cite_volume","cite_chapter","cite_jnc_part","cite_source_type") VALUES(15,'2018-11-07T03:00:00Z',NULL,0,'JST',0,'Visit Midori for first scans','1',NULL,NULL,NULL);
INSERT INTO "timeline_events" ("id","date_utc","date_label","display_time","timezone","pre_history","event","cite_volume","cite_chapter","cite_jnc_part","cite_source_type") VALUES(16,'2018-11-10T03:00:00Z',NULL,0,'JST',0,'Hand off orb to Team Simon','1',NULL,NULL,NULL);
INSERT INTO "timeline_events" ("id","date_utc","date_label","display_time","timezone","pre_history","event","cite_volume","cite_chapter","cite_jnc_part","cite_source_type") VALUES(17,'2018-11-12T03:00:00Z',NULL,0,'JST',0,'Naruse asks them to find Otherworldly Language Comprehension','1',NULL,NULL,NULL);
INSERT INTO "timeline_events" ("id","date_utc","date_label","display_time","timezone","pre_history","event","cite_volume","cite_chapter","cite_jnc_part","cite_source_type") VALUES(18,'2018-11-15T03:00:00Z',NULL,0,'JST',0,'They decide to go full Mad Max mode when diving to deeper floors.','1',NULL,NULL,NULL);
INSERT INTO "timeline_events" ("id","date_utc","date_label","display_time","timezone","pre_history","event","cite_volume","cite_chapter","cite_jnc_part","cite_source_type") VALUES(19,'2018-11-16T03:00:00Z',NULL,0,'JST',0,'Second orb auction completes earning them ~13.5 billion yen (pre-tax). Also assist Asha with obtaining her D-Card and Super Recovery','1',NULL,NULL,NULL);
INSERT INTO "timeline_events" ("id","date_utc","date_label","display_time","timezone","pre_history","event","cite_volume","cite_chapter","cite_jnc_part","cite_source_type") VALUES(20,'2018-11-18T03:00:00Z',NULL,0,'JST',0,'Dinner with Asha','1',NULL,NULL,NULL);
INSERT INTO "timeline_events" ("id","date_utc","date_label","display_time","timezone","pre_history","event","cite_volume","cite_chapter","cite_jnc_part","cite_source_type") VALUES(21,'2018-11-19T03:00:00Z',NULL,0,'JST',0,'Visit Midori for second scans and learn about Making lowering stats after reaching 100. Leaves LUC at 100 and gets immediate call from Mitsurugi','1',NULL,NULL,NULL);
INSERT INTO "timeline_events" ("id","date_utc","date_label","display_time","timezone","pre_history","event","cite_volume","cite_chapter","cite_jnc_part","cite_source_type") VALUES(22,'2018-11-20T03:00:00Z','November X, 2018',0,'JST',0,'David with Church of the Deep Chasm learns about Asha''s recovery','2',NULL,NULL,NULL);
INSERT INTO "timeline_events" ("id","date_utc","date_label","display_time","timezone","pre_history","event","cite_volume","cite_chapter","cite_jnc_part","cite_source_type") VALUES(23,'2018-11-21T03:00:00Z',NULL,0,'JST',0,'Dolly (Mad Max version of an RV) arrives','2',NULL,NULL,NULL);
INSERT INTO "timeline_events" ("id","date_utc","date_label","display_time","timezone","pre_history","event","cite_volume","cite_chapter","cite_jnc_part","cite_source_type") VALUES(24,'2018-11-22T03:00:00Z',NULL,0,'JST',0,'First dive past floor 1 and they learn Making kicks on kill 100 not on 100 specific creatures. On the 5th floor, Encounter Hound of Hecate (Barghest Field Boss?) and obtain 2 OLC orbs.','2',NULL,NULL,NULL);
INSERT INTO "timeline_events" ("id","date_utc","date_label","display_time","timezone","pre_history","event","cite_volume","cite_chapter","cite_jnc_part","cite_source_type") VALUES(25,'2018-11-23T03:00:00Z',NULL,0,'JST',0,'Return and discuss OLC with Naruse','2',NULL,NULL,NULL);
INSERT INTO "timeline_events" ("id","date_utc","date_label","display_time","timezone","pre_history","event","cite_volume","cite_chapter","cite_jnc_part","cite_source_type") VALUES(26,'2018-11-26T03:00:00Z',NULL,0,'JST',0,'Director Mizuho proves he is extra stupid and D-Powers decides to auction OLC','2',NULL,NULL,NULL);
INSERT INTO "timeline_events" ("id","date_utc","date_label","display_time","timezone","pre_history","event","cite_volume","cite_chapter","cite_jnc_part","cite_source_type") VALUES(27,'2018-11-27T03:00:00Z',NULL,0,'JST',0,'Keigo implies the cause to Agent Tanaka and they dive into Yoyogi and trigger the Wandering Manor after a merry chase.','2',NULL,NULL,NULL);
INSERT INTO "timeline_events" ("id","date_utc","date_label","display_time","timezone","pre_history","event","cite_volume","cite_chapter","cite_jnc_part","cite_source_type") VALUES(28,'2018-11-28T03:00:00Z',NULL,0,'JST',0,'Survive the Wandering Manor and obtain Appraisal, Dark Magic VI, summon the Arthurs, obtain Ultimate Fire Magic','2',NULL,NULL,NULL);
INSERT INTO "timeline_events" ("id","date_utc","date_label","display_time","timezone","pre_history","event","cite_volume","cite_chapter","cite_jnc_part","cite_source_type") VALUES(29,'2018-11-30T03:00:00Z',NULL,0,'JST',0,'Return to surface to find OLC sold for ~416 billion yen to the DSF. They also give the 2nd OLC to Naruse and hint at Heaven''s Leaks','2',NULL,NULL,NULL);
INSERT INTO "timeline_events" ("id","date_utc","date_label","display_time","timezone","pre_history","event","cite_volume","cite_chapter","cite_jnc_part","cite_source_type") VALUES(30,'2018-12-01T03:00:00Z',NULL,0,'JST',0,'Lead the various intelligence agency on a colonial worm chase around the 9th floor. Return to the surface and learn about the party system and choose that to validate Heaven''s Leaks','2',NULL,NULL,NULL);
INSERT INTO "timeline_events" ("id","date_utc","date_label","display_time","timezone","pre_history","event","cite_volume","cite_chapter","cite_jnc_part","cite_source_type") VALUES(31,'2018-12-02T03:00:00Z',NULL,0,'JST',0,'OLC handoff to Monica and fun with Russian kill team.','2',NULL,NULL,NULL);
INSERT INTO "timeline_events" ("id","date_utc","date_label","display_time","timezone","pre_history","event","cite_volume","cite_chapter","cite_jnc_part","cite_source_type") VALUES(32,'2018-12-05T03:00:00Z',NULL,0,'JST',0,'Naruse translates information from RU22-0012 (mining) and BF26-003 (food drops).','2',NULL,NULL,NULL);
INSERT INTO "timeline_events" ("id","date_utc","date_label","display_time","timezone","pre_history","event","cite_volume","cite_chapter","cite_jnc_part","cite_source_type") VALUES(33,'2018-12-10T03:00:00Z',NULL,0,'JST',0,'Discover that Making can display party member details and allows adjustments, learn that half of SP is normally auto dispensed and decide to create a boot camp. Also determine drop rate stats and how it is affect by LUC','3',NULL,NULL,NULL);
INSERT INTO "timeline_events" ("id","date_utc","date_label","display_time","timezone","pre_history","event","cite_volume","cite_chapter","cite_jnc_part","cite_source_type") VALUES(34,'2018-12-11T03:00:00Z',NULL,0,'JST',0,'Obtain Mining and defeat Enkai/Ngai','3',NULL,NULL,NULL);
INSERT INTO "timeline_events" ("id","date_utc","date_label","display_time","timezone","pre_history","event","cite_volume","cite_chapter","cite_jnc_part","cite_source_type") VALUES(35,'2018-12-12T03:00:00Z',NULL,0,'JST',0,'Descend to the 20th floor and mine Vanadium','3',NULL,NULL,NULL);
INSERT INTO "timeline_events" ("id","date_utc","date_label","display_time","timezone","pre_history","event","cite_volume","cite_chapter","cite_jnc_part","cite_source_type") VALUES(36,'2018-12-13T03:00:00Z',NULL,0,'JST',0,'Discussion on lots of OLC content, coin the term D-Factors, decide to form D-Powers LLC','3',NULL,NULL,NULL);
INSERT INTO "timeline_events" ("id","date_utc","date_label","display_time","timezone","pre_history","event","cite_volume","cite_chapter","cite_jnc_part","cite_source_type") VALUES(37,'2018-12-14T03:00:00Z',NULL,0,'JST',0,'Pick up the first Stat Scanner','3',NULL,NULL,NULL);
INSERT INTO "timeline_events" ("id","date_utc","date_label","display_time","timezone","pre_history","event","cite_volume","cite_chapter","cite_jnc_part","cite_source_type") VALUES(38,'2018-12-16T03:00:00Z',NULL,0,'JST',0,'Use Making on Mitsurugui and Saito, and spend their SP','3',NULL,NULL,NULL);
INSERT INTO "timeline_events" ("id","date_utc","date_label","display_time","timezone","pre_history","event","cite_volume","cite_chapter","cite_jnc_part","cite_source_type") VALUES(39,'2018-12-17T03:00:00Z',NULL,0,'JST',0,'Quantify Naruse''s stats with the scanning machine','3',NULL,NULL,NULL);
INSERT INTO "timeline_events" ("id","date_utc","date_label","display_time","timezone","pre_history","event","cite_volume","cite_chapter","cite_jnc_part","cite_source_type") VALUES(40,'2018-12-24T03:00:00Z',NULL,0,'JST',0,'Discover Arthur swap limit for carried items, Naruse tells her superiors about Heaven''s Leaks','3',NULL,NULL,NULL);
INSERT INTO "timeline_events" ("id","date_utc","date_label","display_time","timezone","pre_history","event","cite_volume","cite_chapter","cite_jnc_part","cite_source_type") VALUES(41,'2018-12-25T03:00:00Z',NULL,0,'JST',0,'Heaven''s Leaks goes live','3',NULL,NULL,NULL);
INSERT INTO "timeline_events" ("id","date_utc","date_label","display_time","timezone","pre_history","event","cite_volume","cite_chapter","cite_jnc_part","cite_source_type") VALUES(42,'2018-12-26T03:00:00Z',NULL,0,'JST',0,'D-Powers asked to create a D-Card verifier, because telepathy + tests!','3',NULL,NULL,NULL);
INSERT INTO "timeline_events" ("id","date_utc","date_label","display_time","timezone","pre_history","event","cite_volume","cite_chapter","cite_jnc_part","cite_source_type") VALUES(43,'2018-12-28T03:00:00Z',NULL,0,'JST',0,'Naruse informs JDA of the request to rent conference room for Boot Camp. D-Powers broke Midori''s brain with the verifier.','4',NULL,NULL,NULL);
INSERT INTO "timeline_events" ("id","date_utc","date_label","display_time","timezone","pre_history","event","cite_volume","cite_chapter","cite_jnc_part","cite_source_type") VALUES(44,'2019-01-01T03:00:00Z',NULL,0,'JST',0,'Learn about Arthur pit SP reset. Spawn Manor on 1st floor of Yoyogi','4',NULL,NULL,NULL);
INSERT INTO "timeline_events" ("id","date_utc","date_label","display_time","timezone","pre_history","event","cite_volume","cite_chapter","cite_jnc_part","cite_source_type") VALUES(45,'2019-01-02T03:00:00Z',NULL,0,'JST',0,'Discover note from Dr. Tylor in Klingon on the Book''s final page.','4',NULL,NULL,NULL);
INSERT INTO "timeline_events" ("id","date_utc","date_label","display_time","timezone","pre_history","event","cite_volume","cite_chapter","cite_jnc_part","cite_source_type") VALUES(46,'2019-01-03T03:00:00Z',NULL,0,'JST',0,'Hire Cathy for the boot camp','4',NULL,NULL,NULL);
INSERT INTO "timeline_events" ("id","date_utc","date_label","display_time","timezone","pre_history","event","cite_volume","cite_chapter","cite_jnc_part","cite_source_type") VALUES(47,'2019-01-04T03:00:00Z',NULL,0,'JST',0,'Negotiate with JDA over Item Box (Storage)','4',NULL,NULL,NULL);
INSERT INTO "timeline_events" ("id","date_utc","date_label","display_time","timezone","pre_history","event","cite_volume","cite_chapter","cite_jnc_part","cite_source_type") VALUES(48,'2019-01-05T03:00:00Z',NULL,0,'JST',0,'Put Cathy through boot camp and spend her excess SP','4',NULL,NULL,NULL);
INSERT INTO "timeline_events" ("id","date_utc","date_label","display_time","timezone","pre_history","event","cite_volume","cite_chapter","cite_jnc_part","cite_source_type") VALUES(49,'2019-01-06T03:00:00Z',NULL,0,'JST',0,'Press conference and announce Appraisal, SMD, D-Card verifier','4',NULL,NULL,NULL);
INSERT INTO "timeline_events" ("id","date_utc","date_label","display_time","timezone","pre_history","event","cite_volume","cite_chapter","cite_jnc_part","cite_source_type") VALUES(50,'2019-01-07T03:00:00Z',NULL,0,'JST',0,'Discussion with Simon about Dr. Tylor and the Klingon inscription','4',NULL,NULL,NULL);
INSERT INTO "timeline_events" ("id","date_utc","date_label","display_time","timezone","pre_history","event","cite_volume","cite_chapter","cite_jnc_part","cite_source_type") VALUES(51,'2019-01-09T03:00:00Z',NULL,0,'JST',0,'Set up Saito on Arthur drop training and then explore Yokohama with Tenko','5',NULL,NULL,NULL);
INSERT INTO "timeline_events" ("id","date_utc","date_label","display_time","timezone","pre_history","event","cite_volume","cite_chapter","cite_jnc_part","cite_source_type") VALUES(52,'2019-01-12T03:00:00Z',NULL,0,'JST',0,'Boot Camp day 1 with Team Simon and Komugi (gem freak)','5',NULL,NULL,NULL);
INSERT INTO "timeline_events" ("id","date_utc","date_label","display_time","timezone","pre_history","event","cite_volume","cite_chapter","cite_jnc_part","cite_source_type") VALUES(53,'2019-01-13T03:00:00Z',NULL,0,'JST',0,'Cathy given Water Magic Orb as employee benefit. The New York D-Card verifiers receive email from Miyoshi offering to book the Javis Center for the meetup, the conversation confirms that King Salmon and the Witch of Campbell are in Japan diving Yoyogi','5',NULL,NULL,NULL);
INSERT INTO "timeline_events" ("id","date_utc","date_label","display_time","timezone","pre_history","event","cite_volume","cite_chapter","cite_jnc_part","cite_source_type") VALUES(54,'2019-01-14T03:00:00Z',NULL,0,'JST',0,'Sign for rights to Yokohama "1st floor" and tell Naruse about how mining drops are set','5',NULL,NULL,NULL);
INSERT INTO "timeline_events" ("id","date_utc","date_label","display_time","timezone","pre_history","event","cite_volume","cite_chapter","cite_jnc_part","cite_source_type") VALUES(55,'2019-01-15T03:00:00Z',NULL,0,'JST',0,'Miyoshi publishes their thesis on dungeonization. Then they tail Saito and Tenko in Yoyogi and the Phantom makes his debut. Miyoshi goes Rambo on 10th floor with Arthur drop method. Keigo collected a Darkness VI orb for Komugi','5',NULL,NULL,NULL);
INSERT INTO "timeline_events" ("id","date_utc","date_label","display_time","timezone","pre_history","event","cite_volume","cite_chapter","cite_jnc_part","cite_source_type") VALUES(56,'2019-01-16T03:00:00Z',NULL,0,'JST',0,'Hellpups summoned by Miyoshi. Falcon Labs breaks Yokohama during weapon testing','5',NULL,NULL,NULL);
INSERT INTO "timeline_events" ("id","date_utc","date_label","display_time","timezone","pre_history","event","cite_volume","cite_chapter","cite_jnc_part","cite_source_type") VALUES(57,'2019-01-17T03:00:00Z',NULL,0,'JST',0,'JDA (Saiga) dumps Yokohama on D-Powers. Naruse visits D-Powers to inform them of the Yokohama problem and witnesses Miyoshi use storage for the first time.','5',NULL,NULL,NULL);
INSERT INTO "timeline_events" ("id","date_utc","date_label","display_time","timezone","pre_history","event","cite_volume","cite_chapter","cite_jnc_part","cite_source_type") VALUES(58,'2019-01-17T04:00:00Z','January X, 2019',0,'JST',0,'Assumed January 17 JST - Book 5 Epilogue Dr Jones is at a dungeon formation and comments on kill possibility of forming dungeons similar to Keigo''s rebar kill.','5',NULL,NULL,NULL);
INSERT INTO "timeline_events" ("id","date_utc","date_label","display_time","timezone","pre_history","event","cite_volume","cite_chapter","cite_jnc_part","cite_source_type") VALUES(59,'2019-01-17T05:00:00Z',NULL,0,'JST',0,'Late night - Keigo and Miyoshi experiment on slimes in Yoyogi to confirm Alien Drool for Dungeon Patent. Existential talk about dungeons','6',NULL,NULL,NULL);
INSERT INTO "timeline_events" ("id","date_utc","date_label","display_time","timezone","pre_history","event","cite_volume","cite_chapter","cite_jnc_part","cite_source_type") VALUES(60,'2019-01-17T13:00:00Z',NULL,1,'JST',0,'U.S. President Albert Handler authorizes a nuclear weapon be used in Yokohama if it is proven that the cleaners can split outside the dungeon. Informs Prime Minister Ibe','6',NULL,NULL,NULL);
INSERT INTO "timeline_events" ("id","date_utc","date_label","display_time","timezone","pre_history","event","cite_volume","cite_chapter","cite_jnc_part","cite_source_type") VALUES(61,'2019-01-17T17:30:00Z',NULL,1,'JST',0,'Prime Minister Ibe quietly gathers select personnel and informs them of what the U.S is doing.','6',NULL,NULL,NULL);
INSERT INTO "timeline_events" ("id","date_utc","date_label","display_time","timezone","pre_history","event","cite_volume","cite_chapter","cite_jnc_part","cite_source_type") VALUES(62,'2019-01-17T19:00:00Z',NULL,1,'JST',0,'Team Simon is informed of the Yokohama problem while on the 18th floor of Yoyogi with Cathy along as a guest','6',NULL,NULL,NULL);
INSERT INTO "timeline_events" ("id","date_utc","date_label","display_time","timezone","pre_history","event","cite_volume","cite_chapter","cite_jnc_part","cite_source_type") VALUES(63,'2019-01-17T23:00:00Z',NULL,1,'JST',0,'Keigo and Miyoshi ride the Tokyu Toyoko Line to Yokohama and discuss using Mansion to depop all the things and Ultimate Fire Magic is a last resort because privacy. Also confirm that the 2000 Verifiers were successfully assembled','6',NULL,NULL,NULL);
INSERT INTO "timeline_events" ("id","date_utc","date_label","display_time","timezone","pre_history","event","cite_volume","cite_chapter","cite_jnc_part","cite_source_type") VALUES(64,'2019-01-19T03:00:00Z',NULL,0,'JST',0,'Various testing in the dungeon with Team I and Team Simon','6',NULL,NULL,NULL);
INSERT INTO "timeline_events" ("id","date_utc","date_label","display_time","timezone","pre_history","event","cite_volume","cite_chapter","cite_jnc_part","cite_source_type") VALUES(65,'2019-01-19T09:13:57Z',NULL,1,'JST',0,'The bomb goes off and everything disappears','6',NULL,NULL,NULL);
INSERT INTO "timeline_events" ("id","date_utc","date_label","display_time","timezone","pre_history","event","cite_volume","cite_chapter","cite_jnc_part","cite_source_type") VALUES(66,'2019-01-19T09:14:00Z',NULL,0,'JST',0,'Teams find themselves on Level 31 of Yoyogi. The Phantom makes an appearance and gives Iori a Super Recovery Orb. Safe zone confirmed on Level 32. Keigo and Miyoshi meet Dr. Tylor and Ms Maker.','6',NULL,NULL,NULL);
INSERT INTO "timeline_events" ("id","date_utc","date_label","display_time","timezone","pre_history","event","cite_volume","cite_chapter","cite_jnc_part","cite_source_type") VALUES(67,'2019-01-19T10:00:00Z','January X, 2019',0,'JST',0,'Film crew discussion on identity of the people they filmed','6',NULL,NULL,NULL);
INSERT INTO "timeline_events" ("id","date_utc","date_label","display_time","timezone","pre_history","event","cite_volume","cite_chapter","cite_jnc_part","cite_source_type") VALUES(68,'2019-01-20T03:00:00Z',NULL,0,'JST',0,'Ibe gets a haircut','6',NULL,NULL,NULL);
INSERT INTO "timeline_events" ("id","date_utc","date_label","display_time","timezone","pre_history","event","cite_volume","cite_chapter","cite_jnc_part","cite_source_type") VALUES(69,'2019-01-19T05:00:00Z','January X, 2019',0,'EST',0,'Timezone wise, this is likely the 19th EST, Dalton and Mashford (John Smith) discuss the success/fail of the U.S. nuke.','7',NULL,NULL,NULL);
INSERT INTO "timeline_events" ("id","date_utc","date_label","display_time","timezone","pre_history","event","cite_volume","cite_chapter","cite_jnc_part","cite_source_type") VALUES(70,'2019-01-20T03:00:01Z',NULL,0,'JST',0,'Keigo and Miyoshi venture back into Yokohama and discover the infinite stairs','7',NULL,NULL,NULL);
INSERT INTO "timeline_events" ("id","date_utc","date_label","display_time","timezone","pre_history","event","cite_volume","cite_chapter","cite_jnc_part","cite_source_type") VALUES(71,'2019-01-20T04:00:00Z',NULL,0,'JST',0,'Late morning or Afternoon: Keigo is outed by Saito that he is the Phantom. Her Proof: His Ngai ring.','7',NULL,NULL,NULL);
INSERT INTO "timeline_events" ("id","date_utc","date_label","display_time","timezone","pre_history","event","cite_volume","cite_chapter","cite_jnc_part","cite_source_type") VALUES(72,'2019-01-20T09:00:00Z',NULL,0,'JST',0,'Evening: Keigo tells the full truth of getting rank 1 to Miyoshi and Naruse (Does not tell Naruse about Making/Mei King)','7',NULL,NULL,NULL);
INSERT INTO "timeline_events" ("id","date_utc","date_label","display_time","timezone","pre_history","event","cite_volume","cite_chapter","cite_jnc_part","cite_source_type") VALUES(73,'2019-01-21T03:00:00Z',NULL,0,'JST',0,'Midday: Cathy barges into the office stating she got Mining to Drop, Simon slunk in after her asking them to store it.','7',NULL,NULL,NULL);
INSERT INTO "dungeons" ("id","slug","name","country","region","discovered_date","floors","is_active","note","cite_volume","cite_chapter","cite_jnc_part","created_utc","modified_utc","area","area_label","cite_source_type") VALUES(1,'the-ring','The Ring','US','Groom Lake, Nevada',NULL,NULL,1,'This is the original Dungeon formed when Dr. Tyler ran his micro black-hole experiment.','1','1','1','2026-05-11T03:17:40Z','2026-05-11T15:10:30Z',1,NULL,'Light Novel');
INSERT INTO "dungeons" ("id","slug","name","country","region","discovered_date","floors","is_active","note","cite_volume","cite_chapter","cite_jnc_part","created_utc","modified_utc","area","area_label","cite_source_type") VALUES(2,'evans','Evans','US','Denver, CO',NULL,NULL,1,NULL,NULL,NULL,NULL,'2026-05-11T03:17:40Z',NULL,36,NULL,NULL);
INSERT INTO "dungeons" ("id","slug","name","country","region","discovered_date","floors","is_active","note","cite_volume","cite_chapter","cite_jnc_part","created_utc","modified_utc","area","area_label","cite_source_type") VALUES(3,'yoyogi','Yoyogi','JP','Tokyo',NULL,NULL,1,NULL,'1','1','1','2026-05-11T03:17:40Z',NULL,12,NULL,NULL);
INSERT INTO "dungeons" ("id","slug","name","country","region","discovered_date","floors","is_active","note","cite_volume","cite_chapter","cite_jnc_part","created_utc","modified_utc","area","area_label","cite_source_type") VALUES(4,'unformed-aoyama','Unformed Aoyama','JP','Tokyo',NULL,NULL,0,'This dungeon was destroyed mid-formation when Keigo pushed a truck with a load or rebar into the crevice. ','1','1','1','2026-05-11T03:17:40Z','2026-05-11T15:10:13Z',12,NULL,'Light Novel');
INSERT INTO "dungeons" ("id","slug","name","country","region","discovered_date","floors","is_active","note","cite_volume","cite_chapter","cite_jnc_part","created_utc","modified_utc","area","area_label","cite_source_type") VALUES(5,'wandering-mansion','Wandering Mansion',NULL,NULL,NULL,NULL,1,'The Wandering Manor can appear within any other dungeon — it has no fixed location.\n\nIt manifests after a single explorer kills 666 of the same creature on the same floor of a dungeon. When it appears, all monsters in the surrounding area vanish as their D-Factors are repurposed to manifest the manor.\n\nThe Wandering Manor disappears at midnight local time of the dungeon it spawned in.',NULL,NULL,NULL,'2026-05-11T03:17:40Z',NULL,NULL,'All',NULL);
INSERT INTO "dungeons" ("id","slug","name","country","region","discovered_date","floors","is_active","note","cite_volume","cite_chapter","cite_jnc_part","created_utc","modified_utc","area","area_label","cite_source_type") VALUES(6,'unknown-australia','Unknown (Australia)','AU',NULL,NULL,NULL,1,NULL,NULL,NULL,NULL,'2026-05-11T03:17:40Z',NULL,NULL,NULL,NULL);
INSERT INTO "dungeons" ("id","slug","name","country","region","discovered_date","floors","is_active","note","cite_volume","cite_chapter","cite_jnc_part","created_utc","modified_utc","area","area_label","cite_source_type") VALUES(7,'unknown-france','Unknown (France)','FR',NULL,NULL,NULL,1,NULL,NULL,NULL,NULL,'2026-05-11T03:17:40Z',NULL,NULL,NULL,NULL);
INSERT INTO "dungeons" ("id","slug","name","country","region","discovered_date","floors","is_active","note","cite_volume","cite_chapter","cite_jnc_part","created_utc","modified_utc","area","area_label","cite_source_type") VALUES(8,'unknown-okinawa','Unknown (Okinawa)','JP','Okinawa',NULL,NULL,1,NULL,NULL,NULL,NULL,'2026-05-11T03:17:40Z',NULL,NULL,NULL,NULL);
INSERT INTO "users" ("id","github_id","github_username","is_admin","created_utc","last_seen_utc") VALUES(1,3302372,'sorvani',1,'2026-05-10T23:28:03Z','2026-05-11T16:00:17Z');
INSERT INTO "sessions" ("token","user_id","expires_utc","created_utc","ip_address","user_agent") VALUES('48a58848ae724af7ee70beedba538309e036df671f3ae346b1fdd6302e78bf82',1,'2026-06-09T23:28:03.500Z','2026-05-10T23:28:03Z','209.122.32.50','Mozilla/5.0 (Macintosh; Intel Mac OS X 10.15; rv:150.0) Gecko/20100101 Firefox/150.0');
INSERT INTO "sessions" ("token","user_id","expires_utc","created_utc","ip_address","user_agent") VALUES('85b652da4d45c9c6ea6009894a9c56311185579ecb87fa13a6d2153f87efd1f2',1,'2026-06-09T23:33:23.021Z','2026-05-10T23:33:23Z','209.122.32.50','Mozilla/5.0 (Macintosh; Intel Mac OS X 10.15; rv:150.0) Gecko/20100101 Firefox/150.0');
INSERT INTO "sessions" ("token","user_id","expires_utc","created_utc","ip_address","user_agent") VALUES('44b27535635964849c07d6e87dae114525abc7167c0f0f165eb63d791073eb76',1,'2026-06-10T12:47:46.582Z','2026-05-11T12:47:46Z','209.122.32.50','Mozilla/5.0 (Macintosh; Intel Mac OS X 10.15; rv:150.0) Gecko/20100101 Firefox/150.0');
INSERT INTO "sessions" ("token","user_id","expires_utc","created_utc","ip_address","user_agent") VALUES('9f02707618c624c4c1bff8adc73d4366f61792883b96595950c3664a64a88966',1,'2026-06-10T13:18:55.878Z','2026-05-11T13:18:55Z','209.122.32.50','Mozilla/5.0 (iPhone; CPU iPhone OS 18_7 like Mac OS X) AppleWebKit/605.1.15 (KHTML, like Gecko) Version/26.4 Mobile/15E148 Safari/604.1');
INSERT INTO "sessions" ("token","user_id","expires_utc","created_utc","ip_address","user_agent") VALUES('400dfc9373d4b6e374a3044b0c9ffcec6659091fd0eecaab104d111c071b4293',1,'2026-06-10T14:00:25.413Z','2026-05-11T14:00:25Z','209.122.32.50','Mozilla/5.0 (Windows NT 10.0; Win64; x64; rv:150.0) Gecko/20100101 Firefox/150.0');
INSERT INTO "oauth_states" ("state","created_utc") VALUES('5f017acf13c7139ebcf99b9b7e9e2d6df4f635d96bfc0c139cf351969fbe0e64','2026-05-11T13:54:34Z');
INSERT INTO "oauth_states" ("state","created_utc") VALUES('d093643029d1fa3c341d2c61f3db9117a4400df42a18350b253b957516c1969b','2026-05-11T13:58:55Z');
INSERT INTO "oauth_states" ("state","created_utc") VALUES('1609dada23177f235259305625bd27f169f515f792c09f0cdb2e4ea9ff0e06be','2026-05-11T13:58:56Z');
INSERT INTO "oauth_states" ("state","created_utc") VALUES('165c4621077089b7de38b58251ceef0a5bf3f36706cad3d8cc7d612a98fc91d4','2026-05-11T13:59:30Z');
INSERT INTO "oauth_states" ("state","created_utc") VALUES('80b81a9d766362f04750579e63dd69efe49bcae0b6aecaa1dfb20dcd3d7bd67c','2026-05-11T14:19:33Z');
INSERT INTO "pending_submissions" ("id","submitted_by","submitted_at","entity_type","entity_id","operation","proposed_data","status","reviewed_by","reviewed_at","admin_note") VALUES(1,1,'2026-05-11T04:17:41Z','character',36,'update',replace(replace('{\r\n  "first_name": "Kakeru",\r\n  "last_name": "Furai",\r\n  "monikers": [],\r\n  "nationality": "JP",\r\n  "sex": "Male",\r\n  "birthday": null,\r\n  "area": null,\r\n  "is_explorer": 0,\r\n  "in_wdarl": 0,\r\n  "is_public": 0,\r\n  "note": "Works at the JDA.\nWas Miharu Naruse''s original supervisor/boss.",\r\n  "tags": [\r\n    "JDA"\r\n  ],\r\n  "citation": {\r\n    "volume": "1",\r\n    "chapter": "1",\r\n    "jnc_part": null\r\n  }\r\n}','\r',char(13)),'\n',char(10)),'approved',1,'2026-05-11T04:24:38Z','');
INSERT INTO "pending_submissions" ("id","submitted_by","submitted_at","entity_type","entity_id","operation","proposed_data","status","reviewed_by","reviewed_at","admin_note") VALUES(2,1,'2026-05-11T05:08:44Z','dungeon',5,'update',replace(replace('{\r\n  "name": "Wandering Mansion",\r\n  "area": null,\r\n  "area_label": "All",\r\n  "country": null,\r\n  "region": null,\r\n  "floors": null,\r\n  "is_active": 1,\r\n  "note": "The Wandering Manor can appear within any other dungeon — it has no fixed location.\nIt manifests after a single explorer kills 666 of the same creature on the same floor of a dungeon.\nWhen it appears, all monsters in the surrounding area vanish as their D-Factors are repurposed to manifest the manor.\nThe Wandering Manor disappears at midnight local time of the dungeon it spawned in.",\r\n  "citation": {\r\n    "volume": null,\r\n    "chapter": null,\r\n    "jnc_part": null\r\n  }\r\n}','\r',char(13)),'\n',char(10)),'approved',1,'2026-05-11T05:09:04Z','');
INSERT INTO "pending_submissions" ("id","submitted_by","submitted_at","entity_type","entity_id","operation","proposed_data","status","reviewed_by","reviewed_at","admin_note") VALUES(3,1,'2026-05-11T13:29:14Z','character',34,'update',replace(replace('{\r\n  "first_name": "Dennis",\r\n  "last_name": "Takaoka",\r\n  "monikers": [],\r\n  "nationality": "JP",\r\n  "sex": "Male",\r\n  "birthday": null,\r\n  "date_first_known": "2019-02-23",\r\n  "area": null,\r\n  "is_explorer": 1,\r\n  "in_wdarl": 0,\r\n  "is_public": 0,\r\n  "note": null,\r\n  "tags": [],\r\n  "citation": {\r\n    "volume": null,\r\n    "chapter": null,\r\n    "jnc_part": null,\r\n    "source_type": null\r\n  }\r\n}','\r',char(13)),'\n',char(10)),'approved',1,'2026-05-11T13:32:10Z','');
INSERT INTO "pending_submissions" ("id","submitted_by","submitted_at","entity_type","entity_id","operation","proposed_data","status","reviewed_by","reviewed_at","admin_note") VALUES(4,1,'2026-05-11T13:32:33Z','character',34,'update',replace(replace('{\r\n  "first_name": "Dennis",\r\n  "last_name": "Takaoka",\r\n  "monikers": [],\r\n  "nationality": "JP",\r\n  "sex": "Male",\r\n  "birthday": null,\r\n  "date_first_known": "2019-02-23",\r\n  "area": null,\r\n  "is_explorer": 1,\r\n  "in_wdarl": 0,\r\n  "is_public": 0,\r\n  "note": null,\r\n  "tags": [],\r\n  "citation": {\r\n    "volume": null,\r\n    "chapter": null,\r\n    "jnc_part": null,\r\n    "source_type": null\r\n  }\r\n}','\r',char(13)),'\n',char(10)),'approved',1,'2026-05-11T13:38:04Z','remove from wdarl');
INSERT INTO "pending_submissions" ("id","submitted_by","submitted_at","entity_type","entity_id","operation","proposed_data","status","reviewed_by","reviewed_at","admin_note") VALUES(5,1,'2026-05-11T13:43:05Z','character',32,'update',replace(replace('{\r\n  "first_name": "Serina",\r\n  "last_name": "Takeda",\r\n  "monikers": [],\r\n  "nationality": "JP",\r\n  "sex": "Female",\r\n  "birthday": null,\r\n  "date_first_known": "2019-01-26",\r\n  "area": null,\r\n  "is_explorer": 1,\r\n  "in_wdarl": 0,\r\n  "is_public": 0,\r\n  "note": null,\r\n  "tags": [],\r\n  "citation": {\r\n    "volume": null,\r\n    "chapter": null,\r\n    "jnc_part": null,\r\n    "source_type": null\r\n  }\r\n}','\r',char(13)),'\n',char(10)),'rejected',1,'2026-05-11T13:44:24Z','bug in code tried to remove citaiton');
INSERT INTO "pending_submissions" ("id","submitted_by","submitted_at","entity_type","entity_id","operation","proposed_data","status","reviewed_by","reviewed_at","admin_note") VALUES(6,1,'2026-05-11T13:45:25Z','character',32,'update',replace(replace('{\r\n  "first_name": "Serina",\r\n  "last_name": "Takeda",\r\n  "monikers": [],\r\n  "nationality": "JP",\r\n  "sex": "Female",\r\n  "birthday": null,\r\n  "date_first_known": "2019-01-26",\r\n  "area": 12,\r\n  "is_explorer": 1,\r\n  "in_wdarl": 0,\r\n  "is_public": 0,\r\n  "note": null,\r\n  "tags": [],\r\n  "citation": {\r\n    "volume": "7",\r\n    "chapter": "9",\r\n    "jnc_part": "15",\r\n    "source_type": "Light Novel"\r\n  }\r\n}','\r',char(13)),'\n',char(10)),'approved',1,'2026-05-11T13:45:50Z','updated citation, area, inwdarl');
INSERT INTO "pending_submissions" ("id","submitted_by","submitted_at","entity_type","entity_id","operation","proposed_data","status","reviewed_by","reviewed_at","admin_note") VALUES(7,1,'2026-05-11T14:04:36Z','character',33,'update',replace(replace('{\r\n  "first_name": "Masato",\r\n  "last_name": "Fuwa",\r\n  "monikers": [],\r\n  "nationality": "JP",\r\n  "sex": "Male",\r\n  "birthday": null,\r\n  "date_first_known": "2019-01-26",\r\n  "area": null,\r\n  "is_explorer": 1,\r\n  "in_wdarl": 0,\r\n  "is_public": 0,\r\n  "note": null,\r\n  "tags": [],\r\n  "citation": {\r\n    "volume": "7",\r\n    "chapter": "9",\r\n    "jnc_part": "15",\r\n    "source_type": "Light Novel"\r\n  }\r\n}','\r',char(13)),'\n',char(10)),'rejected',1,'2026-05-11T14:08:58Z','error');
INSERT INTO "pending_submissions" ("id","submitted_by","submitted_at","entity_type","entity_id","operation","proposed_data","status","reviewed_by","reviewed_at","admin_note") VALUES(8,1,'2026-05-11T14:07:19Z','character',28,'update',replace(replace('{\r\n  "first_name": "Eri",\r\n  "last_name": "Mishiro",\r\n  "monikers": [],\r\n  "nationality": "JP",\r\n  "sex": "Female",\r\n  "birthday": null,\r\n  "date_first_known": "2018-11-22",\r\n  "area": 12,\r\n  "is_explorer": 1,\r\n  "in_wdarl": 0,\r\n  "is_public": 0,\r\n  "note": null,\r\n  "tags": [],\r\n  "citation": {\r\n    "volume": "2",\r\n    "chapter": "3",\r\n    "jnc_part": "2",\r\n    "source_type": "Light Novel"\r\n  }\r\n}','\r',char(13)),'\n',char(10)),'approved',1,'2026-05-11T14:08:49Z','citation, area, inwdarl');
INSERT INTO "pending_submissions" ("id","submitted_by","submitted_at","entity_type","entity_id","operation","proposed_data","status","reviewed_by","reviewed_at","admin_note") VALUES(9,1,'2026-05-11T14:07:52Z','character',33,'update',replace(replace('{\r\n  "first_name": "Masato",\r\n  "last_name": "Fuwa",\r\n  "monikers": [],\r\n  "nationality": "JP",\r\n  "sex": "Male",\r\n  "birthday": null,\r\n  "date_first_known": "2019-01-26",\r\n  "area": 12,\r\n  "is_explorer": 1,\r\n  "in_wdarl": 0,\r\n  "is_public": 0,\r\n  "note": null,\r\n  "tags": [],\r\n  "citation": {\r\n    "volume": "7",\r\n    "chapter": "9",\r\n    "jnc_part": "15",\r\n    "source_type": null\r\n  }\r\n}','\r',char(13)),'\n',char(10)),'approved',1,'2026-05-11T14:08:33Z','inwdarl and area');
INSERT INTO "pending_submissions" ("id","submitted_by","submitted_at","entity_type","entity_id","operation","proposed_data","status","reviewed_by","reviewed_at","admin_note") VALUES(10,1,'2026-05-11T14:09:24Z','character',33,'update',replace(replace('{\r\n  "first_name": "Masato",\r\n  "last_name": "Fuwa",\r\n  "monikers": [],\r\n  "nationality": "JP",\r\n  "sex": "Male",\r\n  "birthday": null,\r\n  "date_first_known": "2019-01-26",\r\n  "area": 12,\r\n  "is_explorer": 1,\r\n  "in_wdarl": 0,\r\n  "is_public": 0,\r\n  "note": null,\r\n  "tags": [],\r\n  "citation": {\r\n    "volume": "7",\r\n    "chapter": "9",\r\n    "jnc_part": "15",\r\n    "source_type": "Light Novel"\r\n  }\r\n}','\r',char(13)),'\n',char(10)),'approved',1,'2026-05-11T14:10:17Z','citation');
INSERT INTO "pending_submissions" ("id","submitted_by","submitted_at","entity_type","entity_id","operation","proposed_data","status","reviewed_by","reviewed_at","admin_note") VALUES(11,1,'2026-05-11T14:29:25Z','character',1,'update',replace(replace('{\r\n  "first_name": "Keigo",\r\n  "last_name": "Yoshimura",\r\n  "monikers": [\r\n    "The Phantom"\r\n  ],\r\n  "nationality": "JP",\r\n  "sex": "Male",\r\n  "birthday": "August 10",\r\n  "date_first_known": "2018-09-27",\r\n  "area": 12,\r\n  "is_explorer": 1,\r\n  "in_wdarl": 1,\r\n  "is_public": 0,\r\n  "note": null,\r\n  "tags": [\r\n    "D-Powers"\r\n  ],\r\n  "citation": {\r\n    "volume": "1",\r\n    "chapter": "1",\r\n    "jnc_part": "1",\r\n    "source_type": "Light Novel"\r\n  }\r\n}','\r',char(13)),'\n',char(10)),'approved',1,'2026-05-11T14:32:33Z','citation');
INSERT INTO "pending_submissions" ("id","submitted_by","submitted_at","entity_type","entity_id","operation","proposed_data","status","reviewed_by","reviewed_at","admin_note") VALUES(12,1,'2026-05-11T14:37:44Z','character',5,'update',replace(replace('{\r\n  "first_name": "Miharu",\r\n  "last_name": "Naruse",\r\n  "monikers": [\r\n    "The Interpreter",\r\n    "Miss Mei"\r\n  ],\r\n  "nationality": "JP",\r\n  "sex": "Female",\r\n  "birthday": "April 3",\r\n  "date_first_known": "2018-09-27",\r\n  "area": 12,\r\n  "is_explorer": 1,\r\n  "in_wdarl": 0,\r\n  "is_public": 0,\r\n  "note": null,\r\n  "tags": [\r\n    "JDA"\r\n  ],\r\n  "citation": {\r\n    "volume": null,\r\n    "chapter": null,\r\n    "jnc_part": null,\r\n    "source_type": "Light Novel"\r\n  }\r\n}','\r',char(13)),'\n',char(10)),'rejected',1,'2026-05-11T14:53:03Z','just testing');
INSERT INTO "pending_submissions" ("id","submitted_by","submitted_at","entity_type","entity_id","operation","proposed_data","status","reviewed_by","reviewed_at","admin_note") VALUES(13,1,'2026-05-11T14:38:01Z','character',5,'update',replace(replace('{\r\n  "first_name": "Miharu",\r\n  "last_name": "Naruse",\r\n  "monikers": [\r\n    "The Interpreter",\r\n    "Miss Mei"\r\n  ],\r\n  "nationality": "JP",\r\n  "sex": "Female",\r\n  "birthday": "April 3",\r\n  "date_first_known": "2018-09-27",\r\n  "area": 12,\r\n  "is_explorer": 1,\r\n  "in_wdarl": 0,\r\n  "is_public": 0,\r\n  "note": null,\r\n  "tags": [\r\n    "JDA"\r\n  ],\r\n  "citation": {\r\n    "volume": "1",\r\n    "chapter": "1",\r\n    "jnc_part": "2",\r\n    "source_type": "Light Novel"\r\n  }\r\n}','\r',char(13)),'\n',char(10)),'rejected',1,'2026-05-11T14:52:59Z','just testing');
INSERT INTO "pending_submissions" ("id","submitted_by","submitted_at","entity_type","entity_id","operation","proposed_data","status","reviewed_by","reviewed_at","admin_note") VALUES(14,1,'2026-05-11T14:51:32Z','character',5,'update',replace(replace('{\r\n  "first_name": "Miharu",\r\n  "last_name": "Naruse",\r\n  "monikers": [\r\n    "The Interpreter",\r\n    "Miss Mei"\r\n  ],\r\n  "nationality": "JP",\r\n  "sex": "Female",\r\n  "birthday": "April 3",\r\n  "date_first_known": "2018-09-27",\r\n  "area": 12,\r\n  "is_explorer": 1,\r\n  "in_wdarl": 0,\r\n  "is_public": 0,\r\n  "note": null,\r\n  "tags": [\r\n    "JDA"\r\n  ],\r\n  "citation": {\r\n    "volume": "1",\r\n    "chapter": "1",\r\n    "jnc_part": "2",\r\n    "source_type": "Light Novel"\r\n  }\r\n}','\r',char(13)),'\n',char(10)),'rejected',1,'2026-05-11T14:53:05Z','just testing');
INSERT INTO "pending_submissions" ("id","submitted_by","submitted_at","entity_type","entity_id","operation","proposed_data","status","reviewed_by","reviewed_at","admin_note") VALUES(15,1,'2026-05-11T15:02:26Z','character',5,'update',replace('{\n  "first_name": "Miharu",\n  "last_name": "Naruse",\n  "monikers": [\n    "The Interpreter",\n    "Miss Mei"\n  ],\n  "nationality": "JP",\n  "sex": "Female",\n  "birthday": "April 3",\n  "date_first_known": "2018-09-27",\n  "area": 12,\n  "is_explorer": 1,\n  "in_wdarl": 1,\n  "is_public": 0,\n  "note": null,\n  "tags": [\n    "JDA"\n  ],\n  "citation": {\n    "volume": "1",\n    "chapter": "1",\n    "jnc_part": "1",\n    "source_type": "Light Novel"\n  }\n}','\n',char(10)),'approved',1,'2026-05-11T15:02:42Z','citation');
INSERT INTO "pending_submissions" ("id","submitted_by","submitted_at","entity_type","entity_id","operation","proposed_data","status","reviewed_by","reviewed_at","admin_note") VALUES(16,1,'2026-05-11T15:03:14Z','character',5,'update',replace('{\n  "first_name": "Miharu",\n  "last_name": "Naruse",\n  "monikers": [\n    "The Interpreter",\n    "Miss Mei"\n  ],\n  "nationality": "JP",\n  "sex": "Female",\n  "birthday": "April 3",\n  "date_first_known": "2018-09-27",\n  "area": 12,\n  "is_explorer": 1,\n  "in_wdarl": 0,\n  "is_public": 0,\n  "note": null,\n  "tags": [\n    "JDA"\n  ],\n  "citation": {\n    "volume": "1",\n    "chapter": "1",\n    "jnc_part": "1",\n    "source_type": "Light Novel"\n  }\n}','\n',char(10)),'approved',1,'2026-05-11T15:03:30Z','inwdarl');
INSERT INTO "pending_submissions" ("id","submitted_by","submitted_at","entity_type","entity_id","operation","proposed_data","status","reviewed_by","reviewed_at","admin_note") VALUES(17,1,'2026-05-11T15:08:25Z','dungeon',4,'update',replace('{\n  "name": "Unformed Aoyama",\n  "area": 12,\n  "area_label": null,\n  "country": "JP",\n  "region": "Tokyo",\n  "floors": null,\n  "is_active": 0,\n  "note": "This dungeon was destroyed mid-formation when Keigo pushed a truck with a load or rebar into the crevice. ",\n  "citation": {\n    "volume": "1",\n    "chapter": "1",\n    "jnc_part": "1",\n    "source_type": "Light Novel"\n  }\n}','\n',char(10)),'approved',1,'2026-05-11T15:10:13Z','notes, citation');
INSERT INTO "pending_submissions" ("id","submitted_by","submitted_at","entity_type","entity_id","operation","proposed_data","status","reviewed_by","reviewed_at","admin_note") VALUES(18,1,'2026-05-11T15:09:50Z','dungeon',1,'update',replace('{\n  "name": "The Ring",\n  "area": 1,\n  "area_label": null,\n  "country": "US",\n  "region": "Groom Lake, Nevada",\n  "floors": null,\n  "is_active": 1,\n  "note": "This is the original Dungeon formed when Dr. Tyler ran his micro black-hole experiment.",\n  "citation": {\n    "volume": "1",\n    "chapter": "1",\n    "jnc_part": "1",\n    "source_type": "Light Novel"\n  }\n}','\n',char(10)),'approved',1,'2026-05-11T15:10:30Z','notes, citation');
INSERT INTO "pending_submissions" ("id","submitted_by","submitted_at","entity_type","entity_id","operation","proposed_data","status","reviewed_by","reviewed_at","admin_note") VALUES(19,1,'2026-05-11T15:12:57Z','character_ranking',10,'update',replace('{\n  "character_id": 7,\n  "rank": 3,\n  "known_above_rank": null,\n  "date_noted": "2018-09-27",\n  "citation": {\n    "volume": "1",\n    "chapter": "1",\n    "jnc_part": "2",\n    "source_type": "Light Novel"\n  }\n}','\n',char(10)),'approved',1,'2026-05-11T15:17:34Z','character citation');
INSERT INTO "pending_submissions" ("id","submitted_by","submitted_at","entity_type","entity_id","operation","proposed_data","status","reviewed_by","reviewed_at","admin_note") VALUES(20,1,'2026-05-11T15:16:10Z','character',7,'update',replace('{\n  "first_name": "Simon",\n  "last_name": "Gershwin",\n  "monikers": [],\n  "nationality": "US",\n  "sex": "Male",\n  "birthday": null,\n  "date_first_known": "2018-09-27",\n  "area": 1,\n  "is_explorer": 1,\n  "in_wdarl": 1,\n  "is_public": 1,\n  "note": null,\n  "tags": [\n    "Team Simon"\n  ],\n  "citation": {\n    "volume": "1",\n    "chapter": "1",\n    "jnc_part": "2",\n    "source_type": "Light Novel"\n  }\n}','\n',char(10)),'approved',1,'2026-05-11T15:17:28Z','rank citaiton');
INSERT INTO "pending_submissions" ("id","submitted_by","submitted_at","entity_type","entity_id","operation","proposed_data","status","reviewed_by","reviewed_at","admin_note") VALUES(21,1,'2026-05-11T15:30:29Z','character_stat',37,'update',replace('{\n  "character_id": 7,\n  "date_noted": "2019-01-12",\n  "date_sequence": 1,\n  "scan_type": "Stat Measuring Device",\n  "str": 45,\n  "vit": 46,\n  "int": 43,\n  "agi": 44,\n  "dex": 48,\n  "luc": 13,\n  "hp": 113.8,\n  "mp": 82.8,\n  "sp": null,\n  "stat_total": 239,\n  "points_from_avg": 179,\n  "citation": {\n    "volume": "5",\n    "chapter": "6",\n    "jnc_part": "4",\n    "source_type": "Light Novel"\n  }\n}','\n',char(10)),'approved',1,'2026-05-11T15:31:47Z','');
INSERT INTO "pending_submissions" ("id","submitted_by","submitted_at","entity_type","entity_id","operation","proposed_data","status","reviewed_by","reviewed_at","admin_note") VALUES(22,1,'2026-05-11T15:31:24Z','character_stat',38,'update',replace('{\n  "character_id": 7,\n  "date_noted": "2019-01-12",\n  "date_sequence": 2,\n  "scan_type": "Stat Measuring Device",\n  "str": 57,\n  "vit": 46,\n  "int": 43,\n  "agi": 57,\n  "dex": 48,\n  "luc": 13,\n  "hp": 127.1,\n  "mp": 84.1,\n  "sp": null,\n  "stat_total": 264,\n  "points_from_avg": 204,\n  "citation": {\n    "volume": "5",\n    "chapter": "6",\n    "jnc_part": "6",\n    "source_type": "Light Novel"\n  }\n}','\n',char(10)),'approved',1,'2026-05-11T15:31:44Z','');
INSERT INTO "pending_submissions" ("id","submitted_by","submitted_at","entity_type","entity_id","operation","proposed_data","status","reviewed_by","reviewed_at","admin_note") VALUES(23,1,'2026-05-11T15:32:20Z','character_orb',14,'update',replace('{\n  "character_id": 7,\n  "orb_id": 25,\n  "date_acquired": "2018-11-17",\n  "date_note": "Acquired in the second auction. WHile it was not state Simon used it. The party composition implies it was Simon after Mason.",\n  "citation": {\n    "volume": "1",\n    "chapter": "2",\n    "jnc_part": "13",\n    "source_type": "Light Novel"\n  }\n}','\n',char(10)),'approved',1,'2026-05-11T15:33:01Z','');
INSERT INTO "pending_submissions" ("id","submitted_by","submitted_at","entity_type","entity_id","operation","proposed_data","status","reviewed_by","reviewed_at","admin_note") VALUES(24,1,'2026-05-11T15:32:50Z','character',7,'update',replace('{\n  "first_name": "Simon",\n  "last_name": "Gershwin",\n  "monikers": [],\n  "nationality": "US",\n  "sex": "Male",\n  "birthday": null,\n  "date_first_known": "2018-09-27",\n  "area": 1,\n  "is_explorer": 1,\n  "in_wdarl": 1,\n  "is_public": 1,\n  "note": null,\n  "tags": [\n    "Team Simon",\n    "Dungeon Strike Force"\n  ],\n  "citation": {\n    "volume": "1",\n    "chapter": "1",\n    "jnc_part": "2",\n    "source_type": "Light Novel"\n  }\n}','\n',char(10)),'approved',1,'2026-05-11T15:33:02Z','');
INSERT INTO "pending_submissions" ("id","submitted_by","submitted_at","entity_type","entity_id","operation","proposed_data","status","reviewed_by","reviewed_at","admin_note") VALUES(25,1,'2026-05-11T15:43:38Z','orb',1,'update',replace('{\n  "orb_name": "Making - メイキング",\n  "known_effects": "Allows user to assign free SP to their stats. Can also assign free SP of part members, including grandchild parties.\n\nSecond effect allows user to select an orb every 100 kills. Orb choices are based on the creature killed as kill 100. It is not 100 of the same creature.",\n  "note": "This orb has only ever been shown as メイキング in the original Japanese light novel and manga to my knowledge.\nThis is important as the katakana spelling could be romanized as `Making`, `May King`, or `Mei King`.\n\nWhen first show in the JNC translation it is called \"May King\" and Keigo even say to himself `The monarch of spring, eh?`\n\nAll three versions have been commented on in story and all are phonetically correct to the katakana when spoken in English.\n\n![Making skill card](/img/orbs/making-01.png) ![Making orb](/img/orbs/making-02.png)"\n}','\n',char(10)),'rejected',1,'2026-05-11T15:44:36Z','not correct.');
INSERT INTO "pending_submissions" ("id","submitted_by","submitted_at","entity_type","entity_id","operation","proposed_data","status","reviewed_by","reviewed_at","admin_note") VALUES(26,1,'2026-05-11T15:45:34Z','orb',1,'update',replace('{\n  "orb_name": "Making - メイキング",\n  "known_effects": "Allows user to assign free SP to their stats. Can also assign free SP of party members, including grandchild parties.\n\nSecond effect allows user to select an orb every 100 kills. Orb choices are based on the creature killed as kill 100. It is not 100 of the same creature.",\n  "note": "This orb has only ever been shown as メイキング in the original Japanese light novel and manga to my knowledge.\n\nThis is important as the katakana spelling could be romanized as `Making`, `May King`, or `Mei King`.\n\nAll three versions have been commented on in story and all are phonetically correct to the katakana when spoken in English.\n\nWhen first shown in the JNC translation it is called \"May King\" and Keigo even says to himself `The monarch of spring, eh?` \n\n![Making skill card](/img/orbs/making-01.png) ![Making orb](/img/orbs/making-02.png)"\n}','\n',char(10)),'approved',1,'2026-05-11T15:45:54Z','');
INSERT INTO "pending_submissions" ("id","submitted_by","submitted_at","entity_type","entity_id","operation","proposed_data","status","reviewed_by","reviewed_at","admin_note") VALUES(27,1,'2026-05-11T15:49:03Z','monster',4,'update',replace('{\n  "name": "Genomos",\n  "category": "Elemental",\n  "note": null,\n  "citation": {\n    "volume": null,\n    "chapter": null,\n    "jnc_part": null,\n    "source_type": null\n  }\n}','\n',char(10)),'approved',1,'2026-05-11T15:49:26Z','');
INSERT INTO "pending_submissions" ("id","submitted_by","submitted_at","entity_type","entity_id","operation","proposed_data","status","reviewed_by","reviewed_at","admin_note") VALUES(28,1,'2026-05-11T15:56:09Z','timeline_event',3,'update',replace('{\n  "date_utc": "2017-10-14T00:00:00.000Z",\n  "date_label": "Late 2017",\n  "display_time": 0,\n  "timezone": "JST",\n  "pre_history": 1,\n  "event": "Miyoshi gets her D-Card on a card tour. Date was randomly chosen based on the conversation with Keigo at the Italian restaurant, that is was in vogue when she was in college.",\n  "citation": {\n    "volume": "1",\n    "chapter": "1",\n    "jnc_part": "2",\n    "source_type": "Light Novel"\n  }\n}','\n',char(10)),'approved',1,'2026-05-11T15:56:18Z','');
INSERT INTO "pending_submissions" ("id","submitted_by","submitted_at","entity_type","entity_id","operation","proposed_data","status","reviewed_by","reviewed_at","admin_note") VALUES(29,1,'2026-05-11T15:59:22Z','monster_dungeon',1,'update',replace('{\n  "monster_id": 1,\n  "dungeon_id": 3,\n  "floor": "10<sup>th</sup>",\n  "citation": {\n    "volume": "2",\n    "chapter": "3",\n    "jnc_part": "6",\n    "source_type": "Light Novel"\n  }\n}','\n',char(10)),'approved',1,'2026-05-11T15:59:28Z','');
INSERT INTO "monsters" ("id","slug","name","category","note","cite_volume","cite_chapter","cite_jnc_part","created_utc","modified_utc","cite_source_type") VALUES(1,'barghest','Barghest','Demon',NULL,'2','3','6','2026-05-11T01:08:02Z',NULL,NULL);
INSERT INTO "monsters" ("id","slug","name","category","note","cite_volume","cite_chapter","cite_jnc_part","created_utc","modified_utc","cite_source_type") VALUES(2,'chameleon','Chameleon','Beast',NULL,'5','6',NULL,'2026-05-11T01:08:02Z',NULL,NULL);
INSERT INTO "monsters" ("id","slug","name","category","note","cite_volume","cite_chapter","cite_jnc_part","created_utc","modified_utc","cite_source_type") VALUES(3,'eyeball','Eyeball','Aberration',NULL,'2','3','7','2026-05-11T01:08:02Z',NULL,NULL);
INSERT INTO "monsters" ("id","slug","name","category","note","cite_volume","cite_chapter","cite_jnc_part","created_utc","modified_utc","cite_source_type") VALUES(4,'genomos','Genomos','Elemental',NULL,NULL,NULL,NULL,'2026-05-11T01:08:02Z','2026-05-11T15:49:26Z',NULL);
INSERT INTO "monsters" ("id","slug","name","category","note","cite_volume","cite_chapter","cite_jnc_part","created_utc","modified_utc","cite_source_type") VALUES(5,'goblin','Goblin','Humanoid',NULL,'2','3','1','2026-05-11T01:08:02Z',NULL,NULL);
INSERT INTO "monsters" ("id","slug","name","category","note","cite_volume","cite_chapter","cite_jnc_part","created_utc","modified_utc","cite_source_type") VALUES(6,'great-white-shark','Great White Shark','Aquatic',NULL,NULL,NULL,NULL,'2026-05-11T01:08:02Z',NULL,NULL);
INSERT INTO "monsters" ("id","slug","name","category","note","cite_volume","cite_chapter","cite_jnc_part","created_utc","modified_utc","cite_source_type") VALUES(7,'hound-of-hecate','Hound of Hecate','Demon',NULL,'2','3','2','2026-05-11T01:08:02Z',NULL,NULL);
INSERT INTO "monsters" ("id","slug","name","category","note","cite_volume","cite_chapter","cite_jnc_part","created_utc","modified_utc","cite_source_type") VALUES(8,'kobold','Kobold','Humanoid',NULL,'2','3','2','2026-05-11T01:08:02Z',NULL,NULL);
INSERT INTO "monsters" ("id","slug","name","category","note","cite_volume","cite_chapter","cite_jnc_part","created_utc","modified_utc","cite_source_type") VALUES(9,'lesser-salamandora','Lesser Salamandora','Elemental',NULL,NULL,NULL,NULL,'2026-05-11T01:08:02Z',NULL,NULL);
INSERT INTO "monsters" ("id","slug","name","category","note","cite_volume","cite_chapter","cite_jnc_part","created_utc","modified_utc","cite_source_type") VALUES(10,'skeleton','Skeleton','Undead',NULL,NULL,NULL,NULL,'2026-05-11T01:08:02Z',NULL,NULL);
INSERT INTO "monsters" ("id","slug","name","category","note","cite_volume","cite_chapter","cite_jnc_part","created_utc","modified_utc","cite_source_type") VALUES(11,'slime','Slime','Ooze',NULL,NULL,NULL,NULL,'2026-05-11T01:08:02Z',NULL,NULL);
INSERT INTO "monsters" ("id","slug","name","category","note","cite_volume","cite_chapter","cite_jnc_part","created_utc","modified_utc","cite_source_type") VALUES(12,'wolf','Wolf','Beast',NULL,'3','4','1','2026-05-11T01:08:02Z',NULL,NULL);
INSERT INTO "monsters" ("id","slug","name","category","note","cite_volume","cite_chapter","cite_jnc_part","created_utc","modified_utc","cite_source_type") VALUES(13,'zombie','Zombie','Undead',NULL,NULL,NULL,NULL,'2026-05-11T01:08:02Z',NULL,NULL);
INSERT INTO "monster_dungeons" ("id","monster_id","dungeon_id","floor","cite_volume","cite_chapter","cite_jnc_part","cite_source_type") VALUES(1,1,3,'10<sup>th</sup>','2','3','6','Light Novel');
INSERT INTO "monster_dungeons" ("id","monster_id","dungeon_id","floor","cite_volume","cite_chapter","cite_jnc_part","cite_source_type") VALUES(2,3,5,'Any','2','3','7',NULL);
INSERT INTO "monster_dungeons" ("id","monster_id","dungeon_id","floor","cite_volume","cite_chapter","cite_jnc_part","cite_source_type") VALUES(3,4,3,'18<sup>th</sup>','3','4',NULL,NULL);
INSERT INTO "monster_dungeons" ("id","monster_id","dungeon_id","floor","cite_volume","cite_chapter","cite_jnc_part","cite_source_type") VALUES(4,5,3,NULL,'2','3','1',NULL);
INSERT INTO "monster_dungeons" ("id","monster_id","dungeon_id","floor","cite_volume","cite_chapter","cite_jnc_part","cite_source_type") VALUES(5,5,3,'2<sup>nd</sup>','2','3','1',NULL);
INSERT INTO "monster_dungeons" ("id","monster_id","dungeon_id","floor","cite_volume","cite_chapter","cite_jnc_part","cite_source_type") VALUES(6,6,8,NULL,'1','2','11',NULL);
INSERT INTO "monster_dungeons" ("id","monster_id","dungeon_id","floor","cite_volume","cite_chapter","cite_jnc_part","cite_source_type") VALUES(7,8,3,'2<sup>nd</sup>','2','3','2',NULL);
INSERT INTO "monster_dungeons" ("id","monster_id","dungeon_id","floor","cite_volume","cite_chapter","cite_jnc_part","cite_source_type") VALUES(8,9,3,'11<sup>th</sup>','2','3','8',NULL);
INSERT INTO "monster_dungeons" ("id","monster_id","dungeon_id","floor","cite_volume","cite_chapter","cite_jnc_part","cite_source_type") VALUES(9,10,3,'10<sup>th</sup>','2','3','8',NULL);
INSERT INTO "monster_dungeons" ("id","monster_id","dungeon_id","floor","cite_volume","cite_chapter","cite_jnc_part","cite_source_type") VALUES(10,10,3,'10<sup>th</sup>','5','6',NULL,NULL);
INSERT INTO "monster_dungeons" ("id","monster_id","dungeon_id","floor","cite_volume","cite_chapter","cite_jnc_part","cite_source_type") VALUES(11,11,3,'1<sup>st</sup>','1','1','5',NULL);
INSERT INTO "monster_dungeons" ("id","monster_id","dungeon_id","floor","cite_volume","cite_chapter","cite_jnc_part","cite_source_type") VALUES(12,12,3,'3<sup>rd</sup>','3','4','1',NULL);
INSERT INTO "monster_dungeons" ("id","monster_id","dungeon_id","floor","cite_volume","cite_chapter","cite_jnc_part","cite_source_type") VALUES(13,13,3,'10<sup>th</sup>','5','6',NULL,NULL);
INSERT INTO "sqlite_sequence" ("name","seq") VALUES('orbs',45);
INSERT INTO "sqlite_sequence" ("name","seq") VALUES('orb_drop_rates',54);
INSERT INTO "sqlite_sequence" ("name","seq") VALUES('characters',36);
INSERT INTO "sqlite_sequence" ("name","seq") VALUES('character_rankings',41);
INSERT INTO "sqlite_sequence" ("name","seq") VALUES('character_stats',47);
INSERT INTO "sqlite_sequence" ("name","seq") VALUES('character_orbs',29);
INSERT INTO "sqlite_sequence" ("name","seq") VALUES('timeline_events',73);
INSERT INTO "sqlite_sequence" ("name","seq") VALUES('users',7);
INSERT INTO "sqlite_sequence" ("name","seq") VALUES('monsters',13);
INSERT INTO "sqlite_sequence" ("name","seq") VALUES('dungeons',8);
INSERT INTO "sqlite_sequence" ("name","seq") VALUES('pending_submissions',29);
INSERT INTO "sqlite_sequence" ("name","seq") VALUES('monster_dungeons',13);
